Number,Song,Artist,Streams,,,,,,,https://open.spotify.com/track/3Wrjm47oTz2sjIgck11l5e,https://open.spotify.com/track/3Wrjm47oTz2sjIgck11l5e,https://open.spotify.com/track/3Wrjm47oTz2sjIgck11l5e,https://open.spotify.com/track/3Wrjm47oTz2sjIgck11l5e,https://open.spotify.com/track/3Wrjm47oTz2sjIgck11l5e
1,Beggin',Måneskin,7671841,,,,,,https://open.spotify.com/track/5PjdY0CKGZdEuoNab3yDmX,https://open.spotify.com/track/5PjdY0CKGZdEuoNab3yDmX,https://open.spotify.com/track/5PjdY0CKGZdEuoNab3yDmX,https://open.spotify.com/track/5PjdY0CKGZdEuoNab3yDmX,https://open.spotify.com/track/5PjdY0CKGZdEuoNab3yDmX,https://open.spotify.com/track/5PjdY0CKGZdEuoNab3yDmX
2,Stay (with Justin Bieber),The Kid LAROI,7331836,,,,,,https://open.spotify.com/track/3Wrjm47oTz2sjIgck11l5e,https://open.spotify.com/track/3Wrjm47oTz2sjIgck11l5e,https://open.spotify.com/track/3Wrjm47oTz2sjIgck11l5e,https://open.spotify.com/track/3Wrjm47oTz2sjIgck11l5e,https://open.spotify.com/track/3Wrjm47oTz2sjIgck11l5e,https://open.spotify.com/track/3Wrjm47oTz2sjIgck11l5e
3,good 4 u,Olivia Rodrigo,6347866,,,,,,https://open.spotify.com/track/5PjdY0CKGZdEuoNab3yDmX,https://open.spotify.com/track/5PjdY0CKGZdEuoNab3yDmX,https://open.spotify.com/track/5PjdY0CKGZdEuoNab3yDmX,https://open.spotify.com/track/5PjdY0CKGZdEuoNab3yDmX,https://open.spotify.com/track/5PjdY0CKGZdEuoNab3yDmX,https://open.spotify.com/track/5PjdY0CKGZdEuoNab3yDmX
4,Bad Habits,Ed Sheeran,5917934,,,,,,https://open.spotify.com/track/3Wrjm47oTz2sjIgck11l5e,https://open.spotify.com/track/3Wrjm47oTz2sjIgck11l5e,https://open.spotify.com/track/3Wrjm47oTz2sjIgck11l5e,https://open.spotify.com/track/3Wrjm47oTz2sjIgck11l5e,https://open.spotify.com/track/3Wrjm47oTz2sjIgck11l5e,https://open.spotify.com/track/3Wrjm47oTz2sjIgck11l5e
5,MONTERO (Call Me By Your Name),Lil Nas X,4661079,,,,,,https://open.spotify.com/track/5PjdY0CKGZdEuoNab3yDmX,https://open.spotify.com/track/5PjdY0CKGZdEuoNab3yDmX,https://open.spotify.com/track/5PjdY0CKGZdEuoNab3yDmX,https://open.spotify.com/track/5PjdY0CKGZdEuoNab3yDmX,https://open.spotify.com/track/5PjdY0CKGZdEuoNab3yDmX,https://open.spotify.com/track/5PjdY0CKGZdEuoNab3yDmX
6,Kiss Me More (feat. SZA),Doja Cat,4535746,,,,,,https://open.spotify.com/track/3Wrjm47oTz2sjIgck11l5e,https://open.spotify.com/track/3Wrjm47oTz2sjIgck11l5e,https://open.spotify.com/track/3Wrjm47oTz2sjIgck11l5e,https://open.spotify.com/track/3Wrjm47oTz2sjIgck11l5e,https://open.spotify.com/track/3Wrjm47oTz2sjIgck11l5e,https://open.spotify.com/track/3Wrjm47oTz2sjIgck11l5e
7,INDUSTRY BABY (feat. Jack Harlow),Lil Nas X,4477858,,,,,,https://open.spotify.com/track/5PjdY0CKGZdEuoNab3yDmX,https://open.spotify.com/track/5PjdY0CKGZdEuoNab3yDmX,https://open.spotify.com/track/5PjdY0CKGZdEuoNab3yDmX,https://open.spotify.com/track/5PjdY0CKGZdEuoNab3yDmX,https://open.spotify.com/track/5PjdY0CKGZdEuoNab3yDmX,https://open.spotify.com/track/5PjdY0CKGZdEuoNab3yDmX
8,Todo De Ti,Rauw Alejandro,4252887,,,,,,https://open.spotify.com/track/3Wrjm47oTz2sjIgck11l5e,https://open.spotify.com/track/3Wrjm47oTz2sjIgck11l5e,https://open.spotify.com/track/3Wrjm47oTz2sjIgck11l5e,https://open.spotify.com/track/3Wrjm47oTz2sjIgck11l5e,https://open.spotify.com/track/3Wrjm47oTz2sjIgck11l5e,https://open.spotify.com/track/3Wrjm47oTz2sjIgck11l5e
9,Yonaguni,Bad Bunny,3943317,,,,,,https://open.spotify.com/track/5PjdY0CKGZdEuoNab3yDmX,https://open.spotify.com/track/5PjdY0CKGZdEuoNab3yDmX,https://open.spotify.com/track/5PjdY0CKGZdEuoNab3yDmX,https://open.spotify.com/track/5PjdY0CKGZdEuoNab3yDmX,https://open.spotify.com/track/5PjdY0CKGZdEuoNab3yDmX,https://open.spotify.com/track/5PjdY0CKGZdEuoNab3yDmX
10,I WANNA BE YOUR SLAVE,Måneskin,3828774,,,,,,https://open.spotify.com/track/3Wrjm47oTz2sjIgck11l5e,https://open.spotify.com/track/3Wrjm47oTz2sjIgck11l5e,https://open.spotify.com/track/3Wrjm47oTz2sjIgck11l5e,https://open.spotify.com/track/3Wrjm47oTz2sjIgck11l5e,https://open.spotify.com/track/3Wrjm47oTz2sjIgck11l5e,https://open.spotify.com/track/3Wrjm47oTz2sjIgck11l5e
11,Levitating (feat. DaBaby),Dua Lipa,3663241,,,,,,https://open.spotify.com/track/5PjdY0CKGZdEuoNab3yDmX,https://open.spotify.com/track/5PjdY0CKGZdEuoNab3yDmX,https://open.spotify.com/track/5PjdY0CKGZdEuoNab3yDmX,https://open.spotify.com/track/5PjdY0CKGZdEuoNab3yDmX,https://open.spotify.com/track/5PjdY0CKGZdEuoNab3yDmX,https://open.spotify.com/track/5PjdY0CKGZdEuoNab3yDmX
12,Permission to Dance,BTS,3631267,,,,,,https://open.spotify.com/track/3Wrjm47oTz2sjIgck11l5e,https://open.spotify.com/track/3Wrjm47oTz2sjIgck11l5e,https://open.spotify.com/track/3Wrjm47oTz2sjIgck11l5e,https://open.spotify.com/track/3Wrjm47oTz2sjIgck11l5e,https://open.spotify.com/track/3Wrjm47oTz2sjIgck11l5e,https://open.spotify.com/track/3Wrjm47oTz2sjIgck11l5e
13,Qué Más Pues?,J Balvin,3547343,,,,,,https://open.spotify.com/track/5PjdY0CKGZdEuoNab3yDmX,https://open.spotify.com/track/5PjdY0CKGZdEuoNab3yDmX,https://open.spotify.com/track/5PjdY0CKGZdEuoNab3yDmX,https://open.spotify.com/track/5PjdY0CKGZdEuoNab3yDmX,https://open.spotify.com/track/5PjdY0CKGZdEuoNab3yDmX,https://open.spotify.com/track/5PjdY0CKGZdEuoNab3yDmX
14,Butter,BTS,3184258,,,,,,https://open.spotify.com/track/3Wrjm47oTz2sjIgck11l5e,https://open.spotify.com/track/3Wrjm47oTz2sjIgck11l5e,https://open.spotify.com/track/3Wrjm47oTz2sjIgck11l5e,https://open.spotify.com/track/3Wrjm47oTz2sjIgck11l5e,https://open.spotify.com/track/3Wrjm47oTz2sjIgck11l5e,https://open.spotify.com/track/3Wrjm47oTz2sjIgck11l5e
15,Peaches (feat. Daniel Caesar & Giveon),Justin Bieber,3152686,,,,,,https://open.spotify.com/track/5PjdY0CKGZdEuoNab3yDmX,https://open.spotify.com/track/5PjdY0CKGZdEuoNab3yDmX,https://open.spotify.com/track/5PjdY0CKGZdEuoNab3yDmX,https://open.spotify.com/track/5PjdY0CKGZdEuoNab3yDmX,https://open.spotify.com/track/5PjdY0CKGZdEuoNab3yDmX,https://open.spotify.com/track/5PjdY0CKGZdEuoNab3yDmX
16,traitor,Olivia Rodrigo,2929510,,,,,,https://open.spotify.com/track/3Wrjm47oTz2sjIgck11l5e,https://open.spotify.com/track/3Wrjm47oTz2sjIgck11l5e,https://open.spotify.com/track/3Wrjm47oTz2sjIgck11l5e,https://open.spotify.com/track/3Wrjm47oTz2sjIgck11l5e,https://open.spotify.com/track/3Wrjm47oTz2sjIgck11l5e,https://open.spotify.com/track/3Wrjm47oTz2sjIgck11l5e
17,deja vu,Olivia Rodrigo,2877332,,,,,,https://open.spotify.com/track/5PjdY0CKGZdEuoNab3yDmX,https://open.spotify.com/track/5PjdY0CKGZdEuoNab3yDmX,https://open.spotify.com/track/5PjdY0CKGZdEuoNab3yDmX,https://open.spotify.com/track/5PjdY0CKGZdEuoNab3yDmX,https://open.spotify.com/track/5PjdY0CKGZdEuoNab3yDmX,https://open.spotify.com/track/5PjdY0CKGZdEuoNab3yDmX
18,AM Remix,Nio Garcia,2818264,,,,,,https://open.spotify.com/track/3Wrjm47oTz2sjIgck11l5e,https://open.spotify.com/track/3Wrjm47oTz2sjIgck11l5e,https://open.spotify.com/track/3Wrjm47oTz2sjIgck11l5e,https://open.spotify.com/track/3Wrjm47oTz2sjIgck11l5e,https://open.spotify.com/track/3Wrjm47oTz2sjIgck11l5e,https://open.spotify.com/track/3Wrjm47oTz2sjIgck11l5e
19,Save Your Tears (with Ariana Grande) (Remix),The Weeknd,2795168,,,,,,https://open.spotify.com/track/5PjdY0CKGZdEuoNab3yDmX,https://open.spotify.com/track/5PjdY0CKGZdEuoNab3yDmX,https://open.spotify.com/track/5PjdY0CKGZdEuoNab3yDmX,https://open.spotify.com/track/5PjdY0CKGZdEuoNab3yDmX,https://open.spotify.com/track/5PjdY0CKGZdEuoNab3yDmX,https://open.spotify.com/track/5PjdY0CKGZdEuoNab3yDmX
20,Volando - Remix,Mora,2605018,,,,,,https://open.spotify.com/track/3Wrjm47oTz2sjIgck11l5e,https://open.spotify.com/track/3Wrjm47oTz2sjIgck11l5e,https://open.spotify.com/track/3Wrjm47oTz2sjIgck11l5e,https://open.spotify.com/track/3Wrjm47oTz2sjIgck11l5e,https://open.spotify.com/track/3Wrjm47oTz2sjIgck11l5e,https://open.spotify.com/track/3Wrjm47oTz2sjIgck11l5e
21,Friday (feat. Mufasa & Hypeman) - Dopamine Re-Edit,Riton,2549348,,,,,,https://open.spotify.com/track/5PjdY0CKGZdEuoNab3yDmX,https://open.spotify.com/track/5PjdY0CKGZdEuoNab3yDmX,https://open.spotify.com/track/5PjdY0CKGZdEuoNab3yDmX,https://open.spotify.com/track/5PjdY0CKGZdEuoNab3yDmX,https://open.spotify.com/track/5PjdY0CKGZdEuoNab3yDmX,https://open.spotify.com/track/5PjdY0CKGZdEuoNab3yDmX
22,Ain't Shit,Doja Cat,2440122,,,,,,https://open.spotify.com/track/3Wrjm47oTz2sjIgck11l5e,https://open.spotify.com/track/3Wrjm47oTz2sjIgck11l5e,https://open.spotify.com/track/3Wrjm47oTz2sjIgck11l5e,https://open.spotify.com/track/3Wrjm47oTz2sjIgck11l5e,https://open.spotify.com/track/3Wrjm47oTz2sjIgck11l5e,https://open.spotify.com/track/3Wrjm47oTz2sjIgck11l5e
23,drivers license,Olivia Rodrigo,2369627,,,,,,https://open.spotify.com/track/5PjdY0CKGZdEuoNab3yDmX,https://open.spotify.com/track/5PjdY0CKGZdEuoNab3yDmX,https://open.spotify.com/track/5PjdY0CKGZdEuoNab3yDmX,https://open.spotify.com/track/5PjdY0CKGZdEuoNab3yDmX,https://open.spotify.com/track/5PjdY0CKGZdEuoNab3yDmX,https://open.spotify.com/track/5PjdY0CKGZdEuoNab3yDmX
24,Motley Crew,Post Malone,2347647,,,,,,https://open.spotify.com/track/3Wrjm47oTz2sjIgck11l5e,https://open.spotify.com/track/3Wrjm47oTz2sjIgck11l5e,https://open.spotify.com/track/3Wrjm47oTz2sjIgck11l5e,https://open.spotify.com/track/3Wrjm47oTz2sjIgck11l5e,https://open.spotify.com/track/3Wrjm47oTz2sjIgck11l5e,https://open.spotify.com/track/3Wrjm47oTz2sjIgck11l5e
25,Blinding Lights,The Weeknd,2341459,,,,,,https://open.spotify.com/track/5PjdY0CKGZdEuoNab3yDmX,https://open.spotify.com/track/5PjdY0CKGZdEuoNab3yDmX,https://open.spotify.com/track/5PjdY0CKGZdEuoNab3yDmX,https://open.spotify.com/track/5PjdY0CKGZdEuoNab3yDmX,https://open.spotify.com/track/5PjdY0CKGZdEuoNab3yDmX,https://open.spotify.com/track/5PjdY0CKGZdEuoNab3yDmX
26,Need To Know,Doja Cat,2325683,,,,,,https://open.spotify.com/track/3Wrjm47oTz2sjIgck11l5e,https://open.spotify.com/track/3Wrjm47oTz2sjIgck11l5e,https://open.spotify.com/track/3Wrjm47oTz2sjIgck11l5e,https://open.spotify.com/track/3Wrjm47oTz2sjIgck11l5e,https://open.spotify.com/track/3Wrjm47oTz2sjIgck11l5e,https://open.spotify.com/track/3Wrjm47oTz2sjIgck11l5e
27,NOT SOBER (feat. Polo G & Stunna Gambino),The Kid LAROI,2322778,,,,,,https://open.spotify.com/track/5PjdY0CKGZdEuoNab3yDmX,https://open.spotify.com/track/5PjdY0CKGZdEuoNab3yDmX,https://open.spotify.com/track/5PjdY0CKGZdEuoNab3yDmX,https://open.spotify.com/track/5PjdY0CKGZdEuoNab3yDmX,https://open.spotify.com/track/5PjdY0CKGZdEuoNab3yDmX,https://open.spotify.com/track/5PjdY0CKGZdEuoNab3yDmX
28,Heat Waves,Glass Animals,2276710,,,,,,https://open.spotify.com/track/3Wrjm47oTz2sjIgck11l5e,https://open.spotify.com/track/3Wrjm47oTz2sjIgck11l5e,https://open.spotify.com/track/3Wrjm47oTz2sjIgck11l5e,https://open.spotify.com/track/3Wrjm47oTz2sjIgck11l5e,https://open.spotify.com/track/3Wrjm47oTz2sjIgck11l5e,https://open.spotify.com/track/3Wrjm47oTz2sjIgck11l5e
29,happier,Olivia Rodrigo,2257523,,,,,,https://open.spotify.com/track/5PjdY0CKGZdEuoNab3yDmX,https://open.spotify.com/track/5PjdY0CKGZdEuoNab3yDmX,https://open.spotify.com/track/5PjdY0CKGZdEuoNab3yDmX,https://open.spotify.com/track/5PjdY0CKGZdEuoNab3yDmX,https://open.spotify.com/track/5PjdY0CKGZdEuoNab3yDmX,https://open.spotify.com/track/5PjdY0CKGZdEuoNab3yDmX
30,Astronaut In The Ocean,Masked Wolf,2201488,,,,,,https://open.spotify.com/track/3Wrjm47oTz2sjIgck11l5e,https://open.spotify.com/track/3Wrjm47oTz2sjIgck11l5e,https://open.spotify.com/track/3Wrjm47oTz2sjIgck11l5e,https://open.spotify.com/track/3Wrjm47oTz2sjIgck11l5e,https://open.spotify.com/track/3Wrjm47oTz2sjIgck11l5e,https://open.spotify.com/track/3Wrjm47oTz2sjIgck11l5e
31,Leave The Door Open,Bruno Mars,2169082,,,,,,https://open.spotify.com/track/5PjdY0CKGZdEuoNab3yDmX,https://open.spotify.com/track/5PjdY0CKGZdEuoNab3yDmX,https://open.spotify.com/track/5PjdY0CKGZdEuoNab3yDmX,https://open.spotify.com/track/5PjdY0CKGZdEuoNab3yDmX,https://open.spotify.com/track/5PjdY0CKGZdEuoNab3yDmX,https://open.spotify.com/track/5PjdY0CKGZdEuoNab3yDmX
32,favorite crime,Olivia Rodrigo,1994433,,,,,,https://open.spotify.com/track/3Wrjm47oTz2sjIgck11l5e,https://open.spotify.com/track/3Wrjm47oTz2sjIgck11l5e,https://open.spotify.com/track/3Wrjm47oTz2sjIgck11l5e,https://open.spotify.com/track/3Wrjm47oTz2sjIgck11l5e,https://open.spotify.com/track/3Wrjm47oTz2sjIgck11l5e,https://open.spotify.com/track/3Wrjm47oTz2sjIgck11l5e
33,Pareja Del Año,Sebastian Yatra,1965120,,,,,,https://open.spotify.com/track/5PjdY0CKGZdEuoNab3yDmX,https://open.spotify.com/track/5PjdY0CKGZdEuoNab3yDmX,https://open.spotify.com/track/5PjdY0CKGZdEuoNab3yDmX,https://open.spotify.com/track/5PjdY0CKGZdEuoNab3yDmX,https://open.spotify.com/track/5PjdY0CKGZdEuoNab3yDmX,https://open.spotify.com/track/5PjdY0CKGZdEuoNab3yDmX
34,Don't Go Yet,Camila Cabello,1963040,,,,,,https://open.spotify.com/track/3Wrjm47oTz2sjIgck11l5e,https://open.spotify.com/track/3Wrjm47oTz2sjIgck11l5e,https://open.spotify.com/track/3Wrjm47oTz2sjIgck11l5e,https://open.spotify.com/track/3Wrjm47oTz2sjIgck11l5e,https://open.spotify.com/track/3Wrjm47oTz2sjIgck11l5e,https://open.spotify.com/track/3Wrjm47oTz2sjIgck11l5e
35,Pepas,Farruko,1908991,,,,,,https://open.spotify.com/track/5PjdY0CKGZdEuoNab3yDmX,https://open.spotify.com/track/5PjdY0CKGZdEuoNab3yDmX,https://open.spotify.com/track/5PjdY0CKGZdEuoNab3yDmX,https://open.spotify.com/track/5PjdY0CKGZdEuoNab3yDmX,https://open.spotify.com/track/5PjdY0CKGZdEuoNab3yDmX,https://open.spotify.com/track/5PjdY0CKGZdEuoNab3yDmX
36,Watermelon Sugar,Harry Styles,1888917,,,,,,https://open.spotify.com/track/3Wrjm47oTz2sjIgck11l5e,https://open.spotify.com/track/3Wrjm47oTz2sjIgck11l5e,https://open.spotify.com/track/3Wrjm47oTz2sjIgck11l5e,https://open.spotify.com/track/3Wrjm47oTz2sjIgck11l5e,https://open.spotify.com/track/3Wrjm47oTz2sjIgck11l5e,https://open.spotify.com/track/3Wrjm47oTz2sjIgck11l5e
37,You Right,Doja Cat,1839578,,,,,,https://open.spotify.com/track/5PjdY0CKGZdEuoNab3yDmX,https://open.spotify.com/track/5PjdY0CKGZdEuoNab3yDmX,https://open.spotify.com/track/5PjdY0CKGZdEuoNab3yDmX,https://open.spotify.com/track/5PjdY0CKGZdEuoNab3yDmX,https://open.spotify.com/track/5PjdY0CKGZdEuoNab3yDmX,https://open.spotify.com/track/5PjdY0CKGZdEuoNab3yDmX
38,Better Believe,Belly,1805760,,,,,,https://open.spotify.com/track/3Wrjm47oTz2sjIgck11l5e,https://open.spotify.com/track/3Wrjm47oTz2sjIgck11l5e,https://open.spotify.com/track/3Wrjm47oTz2sjIgck11l5e,https://open.spotify.com/track/3Wrjm47oTz2sjIgck11l5e,https://open.spotify.com/track/3Wrjm47oTz2sjIgck11l5e,https://open.spotify.com/track/3Wrjm47oTz2sjIgck11l5e
39,DÁKITI,Bad Bunny,1792659,,,,,,https://open.spotify.com/track/5PjdY0CKGZdEuoNab3yDmX,https://open.spotify.com/track/5PjdY0CKGZdEuoNab3yDmX,https://open.spotify.com/track/5PjdY0CKGZdEuoNab3yDmX,https://open.spotify.com/track/5PjdY0CKGZdEuoNab3yDmX,https://open.spotify.com/track/5PjdY0CKGZdEuoNab3yDmX,https://open.spotify.com/track/5PjdY0CKGZdEuoNab3yDmX
40,Dynamite,BTS,1774973,,,,,,https://open.spotify.com/track/3Wrjm47oTz2sjIgck11l5e,https://open.spotify.com/track/3Wrjm47oTz2sjIgck11l5e,https://open.spotify.com/track/3Wrjm47oTz2sjIgck11l5e,https://open.spotify.com/track/3Wrjm47oTz2sjIgck11l5e,https://open.spotify.com/track/3Wrjm47oTz2sjIgck11l5e,https://open.spotify.com/track/3Wrjm47oTz2sjIgck11l5e
41,Poblado - Remix,J Balvin,1771060,,,,,,https://open.spotify.com/track/5PjdY0CKGZdEuoNab3yDmX,https://open.spotify.com/track/5PjdY0CKGZdEuoNab3yDmX,https://open.spotify.com/track/5PjdY0CKGZdEuoNab3yDmX,https://open.spotify.com/track/5PjdY0CKGZdEuoNab3yDmX,https://open.spotify.com/track/5PjdY0CKGZdEuoNab3yDmX,https://open.spotify.com/track/5PjdY0CKGZdEuoNab3yDmX
42,Miénteme,TINI,1769129,,,,,,https://open.spotify.com/track/3Wrjm47oTz2sjIgck11l5e,https://open.spotify.com/track/3Wrjm47oTz2sjIgck11l5e,https://open.spotify.com/track/3Wrjm47oTz2sjIgck11l5e,https://open.spotify.com/track/3Wrjm47oTz2sjIgck11l5e,https://open.spotify.com/track/3Wrjm47oTz2sjIgck11l5e,https://open.spotify.com/track/3Wrjm47oTz2sjIgck11l5e
43,RAPSTAR,Polo G,1762286,,,,,,https://open.spotify.com/track/5PjdY0CKGZdEuoNab3yDmX,https://open.spotify.com/track/5PjdY0CKGZdEuoNab3yDmX,https://open.spotify.com/track/5PjdY0CKGZdEuoNab3yDmX,https://open.spotify.com/track/5PjdY0CKGZdEuoNab3yDmX,https://open.spotify.com/track/5PjdY0CKGZdEuoNab3yDmX,https://open.spotify.com/track/5PjdY0CKGZdEuoNab3yDmX
44,The Business,Tiësto,1737829,,,,,,https://open.spotify.com/track/3Wrjm47oTz2sjIgck11l5e,https://open.spotify.com/track/3Wrjm47oTz2sjIgck11l5e,https://open.spotify.com/track/3Wrjm47oTz2sjIgck11l5e,https://open.spotify.com/track/3Wrjm47oTz2sjIgck11l5e,https://open.spotify.com/track/3Wrjm47oTz2sjIgck11l5e,https://open.spotify.com/track/3Wrjm47oTz2sjIgck11l5e
45,911 - Remix,Sech,1723888,,,,,,https://open.spotify.com/track/5PjdY0CKGZdEuoNab3yDmX,https://open.spotify.com/track/5PjdY0CKGZdEuoNab3yDmX,https://open.spotify.com/track/5PjdY0CKGZdEuoNab3yDmX,https://open.spotify.com/track/5PjdY0CKGZdEuoNab3yDmX,https://open.spotify.com/track/5PjdY0CKGZdEuoNab3yDmX,https://open.spotify.com/track/5PjdY0CKGZdEuoNab3yDmX
46,"jealousy, jealousy",Olivia Rodrigo,1714334,,,,,,https://open.spotify.com/track/3Wrjm47oTz2sjIgck11l5e,https://open.spotify.com/track/3Wrjm47oTz2sjIgck11l5e,https://open.spotify.com/track/3Wrjm47oTz2sjIgck11l5e,https://open.spotify.com/track/3Wrjm47oTz2sjIgck11l5e,https://open.spotify.com/track/3Wrjm47oTz2sjIgck11l5e,https://open.spotify.com/track/3Wrjm47oTz2sjIgck11l5e
47,"Nicky Jam: Bzrp Music Sessions, Vol. 41",Bizarrap,1635141,,,,,,https://open.spotify.com/track/5PjdY0CKGZdEuoNab3yDmX,https://open.spotify.com/track/5PjdY0CKGZdEuoNab3yDmX,https://open.spotify.com/track/5PjdY0CKGZdEuoNab3yDmX,https://open.spotify.com/track/5PjdY0CKGZdEuoNab3yDmX,https://open.spotify.com/track/5PjdY0CKGZdEuoNab3yDmX,https://open.spotify.com/track/5PjdY0CKGZdEuoNab3yDmX
48,Heartbreak Anthem (with David Guetta & Little Mix),Galantis,1626883,,,,,,https://open.spotify.com/track/3Wrjm47oTz2sjIgck11l5e,https://open.spotify.com/track/3Wrjm47oTz2sjIgck11l5e,https://open.spotify.com/track/3Wrjm47oTz2sjIgck11l5e,https://open.spotify.com/track/3Wrjm47oTz2sjIgck11l5e,https://open.spotify.com/track/3Wrjm47oTz2sjIgck11l5e,https://open.spotify.com/track/3Wrjm47oTz2sjIgck11l5e
49,NDA,Billie Eilish,1609556,,,,,,https://open.spotify.com/track/5PjdY0CKGZdEuoNab3yDmX,https://open.spotify.com/track/5PjdY0CKGZdEuoNab3yDmX,https://open.spotify.com/track/5PjdY0CKGZdEuoNab3yDmX,https://open.spotify.com/track/5PjdY0CKGZdEuoNab3yDmX,https://open.spotify.com/track/5PjdY0CKGZdEuoNab3yDmX,https://open.spotify.com/track/5PjdY0CKGZdEuoNab3yDmX
50,Fiel - Remix,Wisin,1597169,,,,,,https://open.spotify.com/track/3Wrjm47oTz2sjIgck11l5e,https://open.spotify.com/track/3Wrjm47oTz2sjIgck11l5e,https://open.spotify.com/track/3Wrjm47oTz2sjIgck11l5e,https://open.spotify.com/track/3Wrjm47oTz2sjIgck11l5e,https://open.spotify.com/track/3Wrjm47oTz2sjIgck11l5e,https://open.spotify.com/track/3Wrjm47oTz2sjIgck11l5e
51,Mood (feat. iann dior),24kGoldn,1588919,,,,,,https://open.spotify.com/track/5PjdY0CKGZdEuoNab3yDmX,https://open.spotify.com/track/5PjdY0CKGZdEuoNab3yDmX,https://open.spotify.com/track/5PjdY0CKGZdEuoNab3yDmX,https://open.spotify.com/track/5PjdY0CKGZdEuoNab3yDmX,https://open.spotify.com/track/5PjdY0CKGZdEuoNab3yDmX,https://open.spotify.com/track/5PjdY0CKGZdEuoNab3yDmX
52,Rasputin,Majestic,1578146,,,,,,https://open.spotify.com/track/3Wrjm47oTz2sjIgck11l5e,https://open.spotify.com/track/3Wrjm47oTz2sjIgck11l5e,https://open.spotify.com/track/3Wrjm47oTz2sjIgck11l5e,https://open.spotify.com/track/3Wrjm47oTz2sjIgck11l5e,https://open.spotify.com/track/3Wrjm47oTz2sjIgck11l5e,https://open.spotify.com/track/3Wrjm47oTz2sjIgck11l5e
53,Build a Bitch,Bella Poarch,1539474,,,,,,https://open.spotify.com/track/5PjdY0CKGZdEuoNab3yDmX,https://open.spotify.com/track/5PjdY0CKGZdEuoNab3yDmX,https://open.spotify.com/track/5PjdY0CKGZdEuoNab3yDmX,https://open.spotify.com/track/5PjdY0CKGZdEuoNab3yDmX,https://open.spotify.com/track/5PjdY0CKGZdEuoNab3yDmX,https://open.spotify.com/track/5PjdY0CKGZdEuoNab3yDmX
54,Meu Pedaço de Pecado,João Gomes,1532893,,,,,,https://open.spotify.com/track/3Wrjm47oTz2sjIgck11l5e,https://open.spotify.com/track/3Wrjm47oTz2sjIgck11l5e,https://open.spotify.com/track/3Wrjm47oTz2sjIgck11l5e,https://open.spotify.com/track/3Wrjm47oTz2sjIgck11l5e,https://open.spotify.com/track/3Wrjm47oTz2sjIgck11l5e,https://open.spotify.com/track/3Wrjm47oTz2sjIgck11l5e
55,Tiroteo - Remix,Marc Seguí,1466004,,,,,,https://open.spotify.com/track/5PjdY0CKGZdEuoNab3yDmX,https://open.spotify.com/track/5PjdY0CKGZdEuoNab3yDmX,https://open.spotify.com/track/5PjdY0CKGZdEuoNab3yDmX,https://open.spotify.com/track/5PjdY0CKGZdEuoNab3yDmX,https://open.spotify.com/track/5PjdY0CKGZdEuoNab3yDmX,https://open.spotify.com/track/5PjdY0CKGZdEuoNab3yDmX
56,Your Love (9PM),ATB,1452122,,,,,,https://open.spotify.com/track/3Wrjm47oTz2sjIgck11l5e,https://open.spotify.com/track/3Wrjm47oTz2sjIgck11l5e,https://open.spotify.com/track/3Wrjm47oTz2sjIgck11l5e,https://open.spotify.com/track/3Wrjm47oTz2sjIgck11l5e,https://open.spotify.com/track/3Wrjm47oTz2sjIgck11l5e,https://open.spotify.com/track/3Wrjm47oTz2sjIgck11l5e
57,2/Catorce,Rauw Alejandro,1439061,,,,,,https://open.spotify.com/track/5PjdY0CKGZdEuoNab3yDmX,https://open.spotify.com/track/5PjdY0CKGZdEuoNab3yDmX,https://open.spotify.com/track/5PjdY0CKGZdEuoNab3yDmX,https://open.spotify.com/track/5PjdY0CKGZdEuoNab3yDmX,https://open.spotify.com/track/5PjdY0CKGZdEuoNab3yDmX,https://open.spotify.com/track/5PjdY0CKGZdEuoNab3yDmX
58,Leave Before You Love Me (with Jonas Brothers),Marshmello,1432948,,,,,,https://open.spotify.com/track/3Wrjm47oTz2sjIgck11l5e,https://open.spotify.com/track/3Wrjm47oTz2sjIgck11l5e,https://open.spotify.com/track/3Wrjm47oTz2sjIgck11l5e,https://open.spotify.com/track/3Wrjm47oTz2sjIgck11l5e,https://open.spotify.com/track/3Wrjm47oTz2sjIgck11l5e,https://open.spotify.com/track/3Wrjm47oTz2sjIgck11l5e
59,Entre Nosotros,Tiago PZK,1413273,,,,,,https://open.spotify.com/track/5PjdY0CKGZdEuoNab3yDmX,https://open.spotify.com/track/5PjdY0CKGZdEuoNab3yDmX,https://open.spotify.com/track/5PjdY0CKGZdEuoNab3yDmX,https://open.spotify.com/track/5PjdY0CKGZdEuoNab3yDmX,https://open.spotify.com/track/5PjdY0CKGZdEuoNab3yDmX,https://open.spotify.com/track/5PjdY0CKGZdEuoNab3yDmX
60,Thot Shit,Megan Thee Stallion,1408858,,,,,,https://open.spotify.com/track/3Wrjm47oTz2sjIgck11l5e,https://open.spotify.com/track/3Wrjm47oTz2sjIgck11l5e,https://open.spotify.com/track/3Wrjm47oTz2sjIgck11l5e,https://open.spotify.com/track/3Wrjm47oTz2sjIgck11l5e,https://open.spotify.com/track/3Wrjm47oTz2sjIgck11l5e,https://open.spotify.com/track/3Wrjm47oTz2sjIgck11l5e
61,Run,OneRepublic,1396116,,,,,,https://open.spotify.com/track/5PjdY0CKGZdEuoNab3yDmX,https://open.spotify.com/track/5PjdY0CKGZdEuoNab3yDmX,https://open.spotify.com/track/5PjdY0CKGZdEuoNab3yDmX,https://open.spotify.com/track/5PjdY0CKGZdEuoNab3yDmX,https://open.spotify.com/track/5PjdY0CKGZdEuoNab3yDmX,https://open.spotify.com/track/5PjdY0CKGZdEuoNab3yDmX
62,Beautiful Mistakes (feat. Megan Thee Stallion),Maroon 5,1395303,,,,,,https://open.spotify.com/track/3Wrjm47oTz2sjIgck11l5e,https://open.spotify.com/track/3Wrjm47oTz2sjIgck11l5e,https://open.spotify.com/track/3Wrjm47oTz2sjIgck11l5e,https://open.spotify.com/track/3Wrjm47oTz2sjIgck11l5e,https://open.spotify.com/track/3Wrjm47oTz2sjIgck11l5e,https://open.spotify.com/track/3Wrjm47oTz2sjIgck11l5e
63,brutal,Olivia Rodrigo,1387882,,,,,,https://open.spotify.com/track/5PjdY0CKGZdEuoNab3yDmX,https://open.spotify.com/track/5PjdY0CKGZdEuoNab3yDmX,https://open.spotify.com/track/5PjdY0CKGZdEuoNab3yDmX,https://open.spotify.com/track/5PjdY0CKGZdEuoNab3yDmX,https://open.spotify.com/track/5PjdY0CKGZdEuoNab3yDmX,https://open.spotify.com/track/5PjdY0CKGZdEuoNab3yDmX
64,Dinero,Trinidad Cardona,1377557,,,,,,https://open.spotify.com/track/3Wrjm47oTz2sjIgck11l5e,https://open.spotify.com/track/3Wrjm47oTz2sjIgck11l5e,https://open.spotify.com/track/3Wrjm47oTz2sjIgck11l5e,https://open.spotify.com/track/3Wrjm47oTz2sjIgck11l5e,https://open.spotify.com/track/3Wrjm47oTz2sjIgck11l5e,https://open.spotify.com/track/3Wrjm47oTz2sjIgck11l5e
65,Don't Start Now,Dua Lipa,1375644,,,,,,https://open.spotify.com/track/5PjdY0CKGZdEuoNab3yDmX,https://open.spotify.com/track/5PjdY0CKGZdEuoNab3yDmX,https://open.spotify.com/track/5PjdY0CKGZdEuoNab3yDmX,https://open.spotify.com/track/5PjdY0CKGZdEuoNab3yDmX,https://open.spotify.com/track/5PjdY0CKGZdEuoNab3yDmX,https://open.spotify.com/track/5PjdY0CKGZdEuoNab3yDmX
66,Save Your Tears,The Weeknd,1371264,,,,,,https://open.spotify.com/track/3Wrjm47oTz2sjIgck11l5e,https://open.spotify.com/track/3Wrjm47oTz2sjIgck11l5e,https://open.spotify.com/track/3Wrjm47oTz2sjIgck11l5e,https://open.spotify.com/track/3Wrjm47oTz2sjIgck11l5e,https://open.spotify.com/track/3Wrjm47oTz2sjIgck11l5e,https://open.spotify.com/track/3Wrjm47oTz2sjIgck11l5e
67,Freaks,Surf Curse,1367299,,,,,,https://open.spotify.com/track/5PjdY0CKGZdEuoNab3yDmX,https://open.spotify.com/track/5PjdY0CKGZdEuoNab3yDmX,https://open.spotify.com/track/5PjdY0CKGZdEuoNab3yDmX,https://open.spotify.com/track/5PjdY0CKGZdEuoNab3yDmX,https://open.spotify.com/track/5PjdY0CKGZdEuoNab3yDmX,https://open.spotify.com/track/5PjdY0CKGZdEuoNab3yDmX
68,Heartbreak Anniversary,Giveon,1354488,,,,,,https://open.spotify.com/track/3Wrjm47oTz2sjIgck11l5e,https://open.spotify.com/track/3Wrjm47oTz2sjIgck11l5e,https://open.spotify.com/track/3Wrjm47oTz2sjIgck11l5e,https://open.spotify.com/track/3Wrjm47oTz2sjIgck11l5e,https://open.spotify.com/track/3Wrjm47oTz2sjIgck11l5e,https://open.spotify.com/track/3Wrjm47oTz2sjIgck11l5e
69,Clash (feat. Stormzy),Dave,1338014,,,,,,https://open.spotify.com/track/5PjdY0CKGZdEuoNab3yDmX,https://open.spotify.com/track/5PjdY0CKGZdEuoNab3yDmX,https://open.spotify.com/track/5PjdY0CKGZdEuoNab3yDmX,https://open.spotify.com/track/5PjdY0CKGZdEuoNab3yDmX,https://open.spotify.com/track/5PjdY0CKGZdEuoNab3yDmX,https://open.spotify.com/track/5PjdY0CKGZdEuoNab3yDmX
70,ZITTI E BUONI,Måneskin,1289869,,,,,,https://open.spotify.com/track/3Wrjm47oTz2sjIgck11l5e,https://open.spotify.com/track/3Wrjm47oTz2sjIgck11l5e,https://open.spotify.com/track/3Wrjm47oTz2sjIgck11l5e,https://open.spotify.com/track/3Wrjm47oTz2sjIgck11l5e,https://open.spotify.com/track/3Wrjm47oTz2sjIgck11l5e,https://open.spotify.com/track/3Wrjm47oTz2sjIgck11l5e
71,Someone You Loved,Lewis Capaldi,1273226,,,,,,https://open.spotify.com/track/5PjdY0CKGZdEuoNab3yDmX,https://open.spotify.com/track/5PjdY0CKGZdEuoNab3yDmX,https://open.spotify.com/track/5PjdY0CKGZdEuoNab3yDmX,https://open.spotify.com/track/5PjdY0CKGZdEuoNab3yDmX,https://open.spotify.com/track/5PjdY0CKGZdEuoNab3yDmX,https://open.spotify.com/track/5PjdY0CKGZdEuoNab3yDmX
72,Over The Top (feat. Drake),Smiley,1268077,,,,,,https://open.spotify.com/track/3Wrjm47oTz2sjIgck11l5e,https://open.spotify.com/track/3Wrjm47oTz2sjIgck11l5e,https://open.spotify.com/track/3Wrjm47oTz2sjIgck11l5e,https://open.spotify.com/track/3Wrjm47oTz2sjIgck11l5e,https://open.spotify.com/track/3Wrjm47oTz2sjIgck11l5e,https://open.spotify.com/track/3Wrjm47oTz2sjIgck11l5e
73,EL MAKINON,KAROL G,1266214,,,,,,https://open.spotify.com/track/5PjdY0CKGZdEuoNab3yDmX,https://open.spotify.com/track/5PjdY0CKGZdEuoNab3yDmX,https://open.spotify.com/track/5PjdY0CKGZdEuoNab3yDmX,https://open.spotify.com/track/5PjdY0CKGZdEuoNab3yDmX,https://open.spotify.com/track/5PjdY0CKGZdEuoNab3yDmX,https://open.spotify.com/track/5PjdY0CKGZdEuoNab3yDmX
74,New Normal,Khalid,1265912,,,,,,https://open.spotify.com/track/3Wrjm47oTz2sjIgck11l5e,https://open.spotify.com/track/3Wrjm47oTz2sjIgck11l5e,https://open.spotify.com/track/3Wrjm47oTz2sjIgck11l5e,https://open.spotify.com/track/3Wrjm47oTz2sjIgck11l5e,https://open.spotify.com/track/3Wrjm47oTz2sjIgck11l5e,https://open.spotify.com/track/3Wrjm47oTz2sjIgck11l5e
75,Sweater Weather,The Neighbourhood,1265569,,,,,,https://open.spotify.com/track/5PjdY0CKGZdEuoNab3yDmX,https://open.spotify.com/track/5PjdY0CKGZdEuoNab3yDmX,https://open.spotify.com/track/5PjdY0CKGZdEuoNab3yDmX,https://open.spotify.com/track/5PjdY0CKGZdEuoNab3yDmX,https://open.spotify.com/track/5PjdY0CKGZdEuoNab3yDmX,https://open.spotify.com/track/5PjdY0CKGZdEuoNab3yDmX
76,WITHOUT YOU,The Kid LAROI,1255287,,,,,,https://open.spotify.com/track/3Wrjm47oTz2sjIgck11l5e,https://open.spotify.com/track/3Wrjm47oTz2sjIgck11l5e,https://open.spotify.com/track/3Wrjm47oTz2sjIgck11l5e,https://open.spotify.com/track/3Wrjm47oTz2sjIgck11l5e,https://open.spotify.com/track/3Wrjm47oTz2sjIgck11l5e,https://open.spotify.com/track/3Wrjm47oTz2sjIgck11l5e
77,Love Tonight - Edit,Shouse,1240221,,,,,,https://open.spotify.com/track/5PjdY0CKGZdEuoNab3yDmX,https://open.spotify.com/track/5PjdY0CKGZdEuoNab3yDmX,https://open.spotify.com/track/5PjdY0CKGZdEuoNab3yDmX,https://open.spotify.com/track/5PjdY0CKGZdEuoNab3yDmX,https://open.spotify.com/track/5PjdY0CKGZdEuoNab3yDmX,https://open.spotify.com/track/5PjdY0CKGZdEuoNab3yDmX
78,Loco,Justin Quiles,1236476,,,,,,https://open.spotify.com/track/3Wrjm47oTz2sjIgck11l5e,https://open.spotify.com/track/3Wrjm47oTz2sjIgck11l5e,https://open.spotify.com/track/3Wrjm47oTz2sjIgck11l5e,https://open.spotify.com/track/3Wrjm47oTz2sjIgck11l5e,https://open.spotify.com/track/3Wrjm47oTz2sjIgck11l5e,https://open.spotify.com/track/3Wrjm47oTz2sjIgck11l5e
79,Head & Heart (feat. MNEK),Joel Corry,1235511,,,,,,https://open.spotify.com/track/5PjdY0CKGZdEuoNab3yDmX,https://open.spotify.com/track/5PjdY0CKGZdEuoNab3yDmX,https://open.spotify.com/track/5PjdY0CKGZdEuoNab3yDmX,https://open.spotify.com/track/5PjdY0CKGZdEuoNab3yDmX,https://open.spotify.com/track/5PjdY0CKGZdEuoNab3yDmX,https://open.spotify.com/track/5PjdY0CKGZdEuoNab3yDmX
80,Sobrio,Maluma,1224054,,,,,,https://open.spotify.com/track/3Wrjm47oTz2sjIgck11l5e,https://open.spotify.com/track/3Wrjm47oTz2sjIgck11l5e,https://open.spotify.com/track/3Wrjm47oTz2sjIgck11l5e,https://open.spotify.com/track/3Wrjm47oTz2sjIgck11l5e,https://open.spotify.com/track/3Wrjm47oTz2sjIgck11l5e,https://open.spotify.com/track/3Wrjm47oTz2sjIgck11l5e
81,telepatía,Kali Uchis,1213686,,,,,,https://open.spotify.com/track/5PjdY0CKGZdEuoNab3yDmX,https://open.spotify.com/track/5PjdY0CKGZdEuoNab3yDmX,https://open.spotify.com/track/5PjdY0CKGZdEuoNab3yDmX,https://open.spotify.com/track/5PjdY0CKGZdEuoNab3yDmX,https://open.spotify.com/track/5PjdY0CKGZdEuoNab3yDmX,https://open.spotify.com/track/5PjdY0CKGZdEuoNab3yDmX
82,Fiel,Los Legendarios,1212218,,,,,,https://open.spotify.com/track/3Wrjm47oTz2sjIgck11l5e,https://open.spotify.com/track/3Wrjm47oTz2sjIgck11l5e,https://open.spotify.com/track/3Wrjm47oTz2sjIgck11l5e,https://open.spotify.com/track/3Wrjm47oTz2sjIgck11l5e,https://open.spotify.com/track/3Wrjm47oTz2sjIgck11l5e,https://open.spotify.com/track/3Wrjm47oTz2sjIgck11l5e
83,Stoned at the Nail Salon,Lorde,1210532,,,,,,https://open.spotify.com/track/5PjdY0CKGZdEuoNab3yDmX,https://open.spotify.com/track/5PjdY0CKGZdEuoNab3yDmX,https://open.spotify.com/track/5PjdY0CKGZdEuoNab3yDmX,https://open.spotify.com/track/5PjdY0CKGZdEuoNab3yDmX,https://open.spotify.com/track/5PjdY0CKGZdEuoNab3yDmX,https://open.spotify.com/track/5PjdY0CKGZdEuoNab3yDmX
84,Iko Iko (My Bestie),Justin Wellington,1208187,,,,,,https://open.spotify.com/track/3Wrjm47oTz2sjIgck11l5e,https://open.spotify.com/track/3Wrjm47oTz2sjIgck11l5e,https://open.spotify.com/track/3Wrjm47oTz2sjIgck11l5e,https://open.spotify.com/track/3Wrjm47oTz2sjIgck11l5e,https://open.spotify.com/track/3Wrjm47oTz2sjIgck11l5e,https://open.spotify.com/track/3Wrjm47oTz2sjIgck11l5e
85,Dance Monkey,Tones And I,1204864,,,,,,https://open.spotify.com/track/5PjdY0CKGZdEuoNab3yDmX,https://open.spotify.com/track/5PjdY0CKGZdEuoNab3yDmX,https://open.spotify.com/track/5PjdY0CKGZdEuoNab3yDmX,https://open.spotify.com/track/5PjdY0CKGZdEuoNab3yDmX,https://open.spotify.com/track/5PjdY0CKGZdEuoNab3yDmX,https://open.spotify.com/track/5PjdY0CKGZdEuoNab3yDmX
86,Verdansk,Dave,1196011,,,,,,https://open.spotify.com/track/3Wrjm47oTz2sjIgck11l5e,https://open.spotify.com/track/3Wrjm47oTz2sjIgck11l5e,https://open.spotify.com/track/3Wrjm47oTz2sjIgck11l5e,https://open.spotify.com/track/3Wrjm47oTz2sjIgck11l5e,https://open.spotify.com/track/3Wrjm47oTz2sjIgck11l5e,https://open.spotify.com/track/3Wrjm47oTz2sjIgck11l5e
87,BED,Joel Corry,1187414,,,,,,https://open.spotify.com/track/5PjdY0CKGZdEuoNab3yDmX,https://open.spotify.com/track/5PjdY0CKGZdEuoNab3yDmX,https://open.spotify.com/track/5PjdY0CKGZdEuoNab3yDmX,https://open.spotify.com/track/5PjdY0CKGZdEuoNab3yDmX,https://open.spotify.com/track/5PjdY0CKGZdEuoNab3yDmX,https://open.spotify.com/track/5PjdY0CKGZdEuoNab3yDmX
88,Botella Tras Botella,Gera MX,1167670,,,,,,https://open.spotify.com/track/3Wrjm47oTz2sjIgck11l5e,https://open.spotify.com/track/3Wrjm47oTz2sjIgck11l5e,https://open.spotify.com/track/3Wrjm47oTz2sjIgck11l5e,https://open.spotify.com/track/3Wrjm47oTz2sjIgck11l5e,https://open.spotify.com/track/3Wrjm47oTz2sjIgck11l5e,https://open.spotify.com/track/3Wrjm47oTz2sjIgck11l5e
89,Goosebumps - Remix,Travis Scott,1162491,,,,,,https://open.spotify.com/track/5PjdY0CKGZdEuoNab3yDmX,https://open.spotify.com/track/5PjdY0CKGZdEuoNab3yDmX,https://open.spotify.com/track/5PjdY0CKGZdEuoNab3yDmX,https://open.spotify.com/track/5PjdY0CKGZdEuoNab3yDmX,https://open.spotify.com/track/5PjdY0CKGZdEuoNab3yDmX,https://open.spotify.com/track/5PjdY0CKGZdEuoNab3yDmX
90,Bezos I,Bo Burnham,1154626,,,,,,https://open.spotify.com/track/3Wrjm47oTz2sjIgck11l5e,https://open.spotify.com/track/3Wrjm47oTz2sjIgck11l5e,https://open.spotify.com/track/3Wrjm47oTz2sjIgck11l5e,https://open.spotify.com/track/3Wrjm47oTz2sjIgck11l5e,https://open.spotify.com/track/3Wrjm47oTz2sjIgck11l5e,https://open.spotify.com/track/3Wrjm47oTz2sjIgck11l5e
91,Blaues Licht,RAF Camora,1150933,,,,,,https://open.spotify.com/track/5PjdY0CKGZdEuoNab3yDmX,https://open.spotify.com/track/5PjdY0CKGZdEuoNab3yDmX,https://open.spotify.com/track/5PjdY0CKGZdEuoNab3yDmX,https://open.spotify.com/track/5PjdY0CKGZdEuoNab3yDmX,https://open.spotify.com/track/5PjdY0CKGZdEuoNab3yDmX,https://open.spotify.com/track/5PjdY0CKGZdEuoNab3yDmX
92,512,Mora,1148114,,,,,,https://open.spotify.com/track/3Wrjm47oTz2sjIgck11l5e,https://open.spotify.com/track/3Wrjm47oTz2sjIgck11l5e,https://open.spotify.com/track/3Wrjm47oTz2sjIgck11l5e,https://open.spotify.com/track/3Wrjm47oTz2sjIgck11l5e,https://open.spotify.com/track/3Wrjm47oTz2sjIgck11l5e,https://open.spotify.com/track/3Wrjm47oTz2sjIgck11l5e
93,Wants and Needs (feat. Lil Baby),Drake,1132465,,,,,,https://open.spotify.com/track/5PjdY0CKGZdEuoNab3yDmX,https://open.spotify.com/track/5PjdY0CKGZdEuoNab3yDmX,https://open.spotify.com/track/5PjdY0CKGZdEuoNab3yDmX,https://open.spotify.com/track/5PjdY0CKGZdEuoNab3yDmX,https://open.spotify.com/track/5PjdY0CKGZdEuoNab3yDmX,https://open.spotify.com/track/5PjdY0CKGZdEuoNab3yDmX
94,2055,Sleepy Hallow,1128891,,,,,,https://open.spotify.com/track/3Wrjm47oTz2sjIgck11l5e,https://open.spotify.com/track/3Wrjm47oTz2sjIgck11l5e,https://open.spotify.com/track/3Wrjm47oTz2sjIgck11l5e,https://open.spotify.com/track/3Wrjm47oTz2sjIgck11l5e,https://open.spotify.com/track/3Wrjm47oTz2sjIgck11l5e,https://open.spotify.com/track/3Wrjm47oTz2sjIgck11l5e
95,Love Again,Dua Lipa,1119354,,,,,,https://open.spotify.com/track/5PjdY0CKGZdEuoNab3yDmX,https://open.spotify.com/track/5PjdY0CKGZdEuoNab3yDmX,https://open.spotify.com/track/5PjdY0CKGZdEuoNab3yDmX,https://open.spotify.com/track/5PjdY0CKGZdEuoNab3yDmX,https://open.spotify.com/track/5PjdY0CKGZdEuoNab3yDmX,https://open.spotify.com/track/5PjdY0CKGZdEuoNab3yDmX
96,Ram Pam Pam,Natti Natasha,1116568,,,,,,https://open.spotify.com/track/3Wrjm47oTz2sjIgck11l5e,https://open.spotify.com/track/3Wrjm47oTz2sjIgck11l5e,https://open.spotify.com/track/3Wrjm47oTz2sjIgck11l5e,https://open.spotify.com/track/3Wrjm47oTz2sjIgck11l5e,https://open.spotify.com/track/3Wrjm47oTz2sjIgck11l5e,https://open.spotify.com/track/3Wrjm47oTz2sjIgck11l5e
97,In The Fire,Dave,1110989,,,,,,https://open.spotify.com/track/5PjdY0CKGZdEuoNab3yDmX,https://open.spotify.com/track/5PjdY0CKGZdEuoNab3yDmX,https://open.spotify.com/track/5PjdY0CKGZdEuoNab3yDmX,https://open.spotify.com/track/5PjdY0CKGZdEuoNab3yDmX,https://open.spotify.com/track/5PjdY0CKGZdEuoNab3yDmX,https://open.spotify.com/track/5PjdY0CKGZdEuoNab3yDmX
98,positions,Ariana Grande,1099346,,,,,,https://open.spotify.com/track/3Wrjm47oTz2sjIgck11l5e,https://open.spotify.com/track/3Wrjm47oTz2sjIgck11l5e,https://open.spotify.com/track/3Wrjm47oTz2sjIgck11l5e,https://open.spotify.com/track/3Wrjm47oTz2sjIgck11l5e,https://open.spotify.com/track/3Wrjm47oTz2sjIgck11l5e,https://open.spotify.com/track/3Wrjm47oTz2sjIgck11l5e
99,System (feat. WizKid),Dave,1095296,,,,,,https://open.spotify.com/track/5PjdY0CKGZdEuoNab3yDmX,https://open.spotify.com/track/5PjdY0CKGZdEuoNab3yDmX,https://open.spotify.com/track/5PjdY0CKGZdEuoNab3yDmX,https://open.spotify.com/track/5PjdY0CKGZdEuoNab3yDmX,https://open.spotify.com/track/5PjdY0CKGZdEuoNab3yDmX,https://open.spotify.com/track/5PjdY0CKGZdEuoNab3yDmX
100,Arcade,Duncan Laurence,1094636,,,,,,https://open.spotify.com/track/3Wrjm47oTz2sjIgck11l5e,https://open.spotify.com/track/3Wrjm47oTz2sjIgck11l5e,https://open.spotify.com/track/3Wrjm47oTz2sjIgck11l5e,https://open.spotify.com/track/3Wrjm47oTz2sjIgck11l5e,https://open.spotify.com/track/3Wrjm47oTz2sjIgck11l5e,https://open.spotify.com/track/3Wrjm47oTz2sjIgck11l5e
101,Circles,Post Malone,1087410,,,,,,https://open.spotify.com/track/5PjdY0CKGZdEuoNab3yDmX,https://open.spotify.com/track/5PjdY0CKGZdEuoNab3yDmX,https://open.spotify.com/track/5PjdY0CKGZdEuoNab3yDmX,https://open.spotify.com/track/5PjdY0CKGZdEuoNab3yDmX,https://open.spotify.com/track/5PjdY0CKGZdEuoNab3yDmX,https://open.spotify.com/track/5PjdY0CKGZdEuoNab3yDmX
102,t r a n s p a r e n t s o u l feat. Travis Barker,WILLOW,1075499,,,,,,https://open.spotify.com/track/3Wrjm47oTz2sjIgck11l5e,https://open.spotify.com/track/3Wrjm47oTz2sjIgck11l5e,https://open.spotify.com/track/3Wrjm47oTz2sjIgck11l5e,https://open.spotify.com/track/3Wrjm47oTz2sjIgck11l5e,https://open.spotify.com/track/3Wrjm47oTz2sjIgck11l5e,https://open.spotify.com/track/3Wrjm47oTz2sjIgck11l5e
103,MORENA,Luan Santana,1067764,,,,,,https://open.spotify.com/track/5PjdY0CKGZdEuoNab3yDmX,https://open.spotify.com/track/5PjdY0CKGZdEuoNab3yDmX,https://open.spotify.com/track/5PjdY0CKGZdEuoNab3yDmX,https://open.spotify.com/track/5PjdY0CKGZdEuoNab3yDmX,https://open.spotify.com/track/5PjdY0CKGZdEuoNab3yDmX,https://open.spotify.com/track/5PjdY0CKGZdEuoNab3yDmX
104,In Da Getto,J Balvin,1061625,,,,,,https://open.spotify.com/track/3Wrjm47oTz2sjIgck11l5e,https://open.spotify.com/track/3Wrjm47oTz2sjIgck11l5e,https://open.spotify.com/track/3Wrjm47oTz2sjIgck11l5e,https://open.spotify.com/track/3Wrjm47oTz2sjIgck11l5e,https://open.spotify.com/track/3Wrjm47oTz2sjIgck11l5e,https://open.spotify.com/track/3Wrjm47oTz2sjIgck11l5e
105,Sal y Perrea,Sech,1057997,,,,,,https://open.spotify.com/track/5PjdY0CKGZdEuoNab3yDmX,https://open.spotify.com/track/5PjdY0CKGZdEuoNab3yDmX,https://open.spotify.com/track/5PjdY0CKGZdEuoNab3yDmX,https://open.spotify.com/track/5PjdY0CKGZdEuoNab3yDmX,https://open.spotify.com/track/5PjdY0CKGZdEuoNab3yDmX,https://open.spotify.com/track/5PjdY0CKGZdEuoNab3yDmX
106,"No Me Conocen (Remix) [con DUKI, Rei & Tiago PZK]",BANDIDO,1054466,,,,,,https://open.spotify.com/track/3Wrjm47oTz2sjIgck11l5e,https://open.spotify.com/track/3Wrjm47oTz2sjIgck11l5e,https://open.spotify.com/track/3Wrjm47oTz2sjIgck11l5e,https://open.spotify.com/track/3Wrjm47oTz2sjIgck11l5e,https://open.spotify.com/track/3Wrjm47oTz2sjIgck11l5e,https://open.spotify.com/track/3Wrjm47oTz2sjIgck11l5e
107,Roses - Imanbek Remix,SAINt JHN,1052551,,,,,,https://open.spotify.com/track/5PjdY0CKGZdEuoNab3yDmX,https://open.spotify.com/track/5PjdY0CKGZdEuoNab3yDmX,https://open.spotify.com/track/5PjdY0CKGZdEuoNab3yDmX,https://open.spotify.com/track/5PjdY0CKGZdEuoNab3yDmX,https://open.spotify.com/track/5PjdY0CKGZdEuoNab3yDmX,https://open.spotify.com/track/5PjdY0CKGZdEuoNab3yDmX
108,By Your Side (feat. Tom Grennan),Calvin Harris,1050616,,,,,,https://open.spotify.com/track/3Wrjm47oTz2sjIgck11l5e,https://open.spotify.com/track/3Wrjm47oTz2sjIgck11l5e,https://open.spotify.com/track/3Wrjm47oTz2sjIgck11l5e,https://open.spotify.com/track/3Wrjm47oTz2sjIgck11l5e,https://open.spotify.com/track/3Wrjm47oTz2sjIgck11l5e,https://open.spotify.com/track/3Wrjm47oTz2sjIgck11l5e
109,STILL CHOSE YOU (feat. Mustard),The Kid LAROI,1026115,,,,,,https://open.spotify.com/track/5PjdY0CKGZdEuoNab3yDmX,https://open.spotify.com/track/5PjdY0CKGZdEuoNab3yDmX,https://open.spotify.com/track/5PjdY0CKGZdEuoNab3yDmX,https://open.spotify.com/track/5PjdY0CKGZdEuoNab3yDmX,https://open.spotify.com/track/5PjdY0CKGZdEuoNab3yDmX,https://open.spotify.com/track/5PjdY0CKGZdEuoNab3yDmX
110,We're All Alone,Dave,1023135,,,,,,https://open.spotify.com/track/3Wrjm47oTz2sjIgck11l5e,https://open.spotify.com/track/3Wrjm47oTz2sjIgck11l5e,https://open.spotify.com/track/3Wrjm47oTz2sjIgck11l5e,https://open.spotify.com/track/3Wrjm47oTz2sjIgck11l5e,https://open.spotify.com/track/3Wrjm47oTz2sjIgck11l5e,https://open.spotify.com/track/3Wrjm47oTz2sjIgck11l5e
111,"Lemonade (feat. Gunna, Don Toliver & NAV)",Internet Money,1021345,,,,,,https://open.spotify.com/track/5PjdY0CKGZdEuoNab3yDmX,https://open.spotify.com/track/5PjdY0CKGZdEuoNab3yDmX,https://open.spotify.com/track/5PjdY0CKGZdEuoNab3yDmX,https://open.spotify.com/track/5PjdY0CKGZdEuoNab3yDmX,https://open.spotify.com/track/5PjdY0CKGZdEuoNab3yDmX,https://open.spotify.com/track/5PjdY0CKGZdEuoNab3yDmX
112,2:50 Remix,MYA,1015851,,,,,,https://open.spotify.com/track/3Wrjm47oTz2sjIgck11l5e,https://open.spotify.com/track/3Wrjm47oTz2sjIgck11l5e,https://open.spotify.com/track/3Wrjm47oTz2sjIgck11l5e,https://open.spotify.com/track/3Wrjm47oTz2sjIgck11l5e,https://open.spotify.com/track/3Wrjm47oTz2sjIgck11l5e,https://open.spotify.com/track/3Wrjm47oTz2sjIgck11l5e
113,Before You Go,Lewis Capaldi,1015205,,,,,,https://open.spotify.com/track/5PjdY0CKGZdEuoNab3yDmX,https://open.spotify.com/track/5PjdY0CKGZdEuoNab3yDmX,https://open.spotify.com/track/5PjdY0CKGZdEuoNab3yDmX,https://open.spotify.com/track/5PjdY0CKGZdEuoNab3yDmX,https://open.spotify.com/track/5PjdY0CKGZdEuoNab3yDmX,https://open.spotify.com/track/5PjdY0CKGZdEuoNab3yDmX
114,Believer,Imagine Dragons,1013610,,,,,,https://open.spotify.com/track/3Wrjm47oTz2sjIgck11l5e,https://open.spotify.com/track/3Wrjm47oTz2sjIgck11l5e,https://open.spotify.com/track/3Wrjm47oTz2sjIgck11l5e,https://open.spotify.com/track/3Wrjm47oTz2sjIgck11l5e,https://open.spotify.com/track/3Wrjm47oTz2sjIgck11l5e,https://open.spotify.com/track/3Wrjm47oTz2sjIgck11l5e
115,OVER YOU,The Kid LAROI,1011272,,,,,,https://open.spotify.com/track/5PjdY0CKGZdEuoNab3yDmX,https://open.spotify.com/track/5PjdY0CKGZdEuoNab3yDmX,https://open.spotify.com/track/5PjdY0CKGZdEuoNab3yDmX,https://open.spotify.com/track/5PjdY0CKGZdEuoNab3yDmX,https://open.spotify.com/track/5PjdY0CKGZdEuoNab3yDmX,https://open.spotify.com/track/5PjdY0CKGZdEuoNab3yDmX
116,Aquelas Coisas,João Gomes,1006837,,,,,,https://open.spotify.com/track/3Wrjm47oTz2sjIgck11l5e,https://open.spotify.com/track/3Wrjm47oTz2sjIgck11l5e,https://open.spotify.com/track/3Wrjm47oTz2sjIgck11l5e,https://open.spotify.com/track/3Wrjm47oTz2sjIgck11l5e,https://open.spotify.com/track/3Wrjm47oTz2sjIgck11l5e,https://open.spotify.com/track/3Wrjm47oTz2sjIgck11l5e
117,Reckless,Madison Beer,1003527,,,,,,https://open.spotify.com/track/5PjdY0CKGZdEuoNab3yDmX,https://open.spotify.com/track/5PjdY0CKGZdEuoNab3yDmX,https://open.spotify.com/track/5PjdY0CKGZdEuoNab3yDmX,https://open.spotify.com/track/5PjdY0CKGZdEuoNab3yDmX,https://open.spotify.com/track/5PjdY0CKGZdEuoNab3yDmX,https://open.spotify.com/track/5PjdY0CKGZdEuoNab3yDmX
118,penhasco.,Luísa Sonza,1000673,,,,,,https://open.spotify.com/track/3Wrjm47oTz2sjIgck11l5e,https://open.spotify.com/track/3Wrjm47oTz2sjIgck11l5e,https://open.spotify.com/track/3Wrjm47oTz2sjIgck11l5e,https://open.spotify.com/track/3Wrjm47oTz2sjIgck11l5e,https://open.spotify.com/track/3Wrjm47oTz2sjIgck11l5e,https://open.spotify.com/track/3Wrjm47oTz2sjIgck11l5e
119,Levitating,Dua Lipa,999724,,,,,,https://open.spotify.com/track/5PjdY0CKGZdEuoNab3yDmX,https://open.spotify.com/track/5PjdY0CKGZdEuoNab3yDmX,https://open.spotify.com/track/5PjdY0CKGZdEuoNab3yDmX,https://open.spotify.com/track/5PjdY0CKGZdEuoNab3yDmX,https://open.spotify.com/track/5PjdY0CKGZdEuoNab3yDmX,https://open.spotify.com/track/5PjdY0CKGZdEuoNab3yDmX
120,Talking to the Moon,Bruno Mars,993217,,,,,,https://open.spotify.com/track/3Wrjm47oTz2sjIgck11l5e,https://open.spotify.com/track/3Wrjm47oTz2sjIgck11l5e,https://open.spotify.com/track/3Wrjm47oTz2sjIgck11l5e,https://open.spotify.com/track/3Wrjm47oTz2sjIgck11l5e,https://open.spotify.com/track/3Wrjm47oTz2sjIgck11l5e,https://open.spotify.com/track/3Wrjm47oTz2sjIgck11l5e
121,Shape of You,Ed Sheeran,989183,,,,,,https://open.spotify.com/track/5PjdY0CKGZdEuoNab3yDmX,https://open.spotify.com/track/5PjdY0CKGZdEuoNab3yDmX,https://open.spotify.com/track/5PjdY0CKGZdEuoNab3yDmX,https://open.spotify.com/track/5PjdY0CKGZdEuoNab3yDmX,https://open.spotify.com/track/5PjdY0CKGZdEuoNab3yDmX,https://open.spotify.com/track/5PjdY0CKGZdEuoNab3yDmX
122,Sunflower - Spider-Man: Into the Spider-Verse,Post Malone,983559,,,,,,https://open.spotify.com/track/3Wrjm47oTz2sjIgck11l5e,https://open.spotify.com/track/3Wrjm47oTz2sjIgck11l5e,https://open.spotify.com/track/3Wrjm47oTz2sjIgck11l5e,https://open.spotify.com/track/3Wrjm47oTz2sjIgck11l5e,https://open.spotify.com/track/3Wrjm47oTz2sjIgck11l5e,https://open.spotify.com/track/3Wrjm47oTz2sjIgck11l5e
123,KESI - Remix,Camilo,980720,,,,,,https://open.spotify.com/track/5PjdY0CKGZdEuoNab3yDmX,https://open.spotify.com/track/5PjdY0CKGZdEuoNab3yDmX,https://open.spotify.com/track/5PjdY0CKGZdEuoNab3yDmX,https://open.spotify.com/track/5PjdY0CKGZdEuoNab3yDmX,https://open.spotify.com/track/5PjdY0CKGZdEuoNab3yDmX,https://open.spotify.com/track/5PjdY0CKGZdEuoNab3yDmX
124,Fulanito,Becky G,980390,,,,,,https://open.spotify.com/track/3Wrjm47oTz2sjIgck11l5e,https://open.spotify.com/track/3Wrjm47oTz2sjIgck11l5e,https://open.spotify.com/track/3Wrjm47oTz2sjIgck11l5e,https://open.spotify.com/track/3Wrjm47oTz2sjIgck11l5e,https://open.spotify.com/track/3Wrjm47oTz2sjIgck11l5e,https://open.spotify.com/track/3Wrjm47oTz2sjIgck11l5e
125,LA NOCHE DE ANOCHE,Bad Bunny,979900,,,,,,https://open.spotify.com/track/5PjdY0CKGZdEuoNab3yDmX,https://open.spotify.com/track/5PjdY0CKGZdEuoNab3yDmX,https://open.spotify.com/track/5PjdY0CKGZdEuoNab3yDmX,https://open.spotify.com/track/5PjdY0CKGZdEuoNab3yDmX,https://open.spotify.com/track/5PjdY0CKGZdEuoNab3yDmX,https://open.spotify.com/track/5PjdY0CKGZdEuoNab3yDmX
126,Hold On,Justin Bieber,976351,,,,,,https://open.spotify.com/track/3Wrjm47oTz2sjIgck11l5e,https://open.spotify.com/track/3Wrjm47oTz2sjIgck11l5e,https://open.spotify.com/track/3Wrjm47oTz2sjIgck11l5e,https://open.spotify.com/track/3Wrjm47oTz2sjIgck11l5e,https://open.spotify.com/track/3Wrjm47oTz2sjIgck11l5e,https://open.spotify.com/track/3Wrjm47oTz2sjIgck11l5e
127,Streets,Doja Cat,975413,,,,,,https://open.spotify.com/track/5PjdY0CKGZdEuoNab3yDmX,https://open.spotify.com/track/5PjdY0CKGZdEuoNab3yDmX,https://open.spotify.com/track/5PjdY0CKGZdEuoNab3yDmX,https://open.spotify.com/track/5PjdY0CKGZdEuoNab3yDmX,https://open.spotify.com/track/5PjdY0CKGZdEuoNab3yDmX,https://open.spotify.com/track/5PjdY0CKGZdEuoNab3yDmX
128,Señorita,Shawn Mendes,971631,,,,,,https://open.spotify.com/track/3Wrjm47oTz2sjIgck11l5e,https://open.spotify.com/track/3Wrjm47oTz2sjIgck11l5e,https://open.spotify.com/track/3Wrjm47oTz2sjIgck11l5e,https://open.spotify.com/track/3Wrjm47oTz2sjIgck11l5e,https://open.spotify.com/track/3Wrjm47oTz2sjIgck11l5e,https://open.spotify.com/track/3Wrjm47oTz2sjIgck11l5e
129,"Não, Não Vou",Mari Fernandez,967183,,,,,,https://open.spotify.com/track/5PjdY0CKGZdEuoNab3yDmX,https://open.spotify.com/track/5PjdY0CKGZdEuoNab3yDmX,https://open.spotify.com/track/5PjdY0CKGZdEuoNab3yDmX,https://open.spotify.com/track/5PjdY0CKGZdEuoNab3yDmX,https://open.spotify.com/track/5PjdY0CKGZdEuoNab3yDmX,https://open.spotify.com/track/5PjdY0CKGZdEuoNab3yDmX
130,lovely (with Khalid),Billie Eilish,964450,,,,,,https://open.spotify.com/track/3Wrjm47oTz2sjIgck11l5e,https://open.spotify.com/track/3Wrjm47oTz2sjIgck11l5e,https://open.spotify.com/track/3Wrjm47oTz2sjIgck11l5e,https://open.spotify.com/track/3Wrjm47oTz2sjIgck11l5e,https://open.spotify.com/track/3Wrjm47oTz2sjIgck11l5e,https://open.spotify.com/track/3Wrjm47oTz2sjIgck11l5e
131,Kiss My (Uh Oh),Anne-Marie,956390,,,,,,https://open.spotify.com/track/5PjdY0CKGZdEuoNab3yDmX,https://open.spotify.com/track/5PjdY0CKGZdEuoNab3yDmX,https://open.spotify.com/track/5PjdY0CKGZdEuoNab3yDmX,https://open.spotify.com/track/5PjdY0CKGZdEuoNab3yDmX,https://open.spotify.com/track/5PjdY0CKGZdEuoNab3yDmX,https://open.spotify.com/track/5PjdY0CKGZdEuoNab3yDmX
132,Perfect,Ed Sheeran,951072,,,,,,https://open.spotify.com/track/3Wrjm47oTz2sjIgck11l5e,https://open.spotify.com/track/3Wrjm47oTz2sjIgck11l5e,https://open.spotify.com/track/3Wrjm47oTz2sjIgck11l5e,https://open.spotify.com/track/3Wrjm47oTz2sjIgck11l5e,https://open.spotify.com/track/3Wrjm47oTz2sjIgck11l5e,https://open.spotify.com/track/3Wrjm47oTz2sjIgck11l5e
133,Ficha Limpa,Gusttavo Lima,947602,,,,,,https://open.spotify.com/track/5PjdY0CKGZdEuoNab3yDmX,https://open.spotify.com/track/5PjdY0CKGZdEuoNab3yDmX,https://open.spotify.com/track/5PjdY0CKGZdEuoNab3yDmX,https://open.spotify.com/track/5PjdY0CKGZdEuoNab3yDmX,https://open.spotify.com/track/5PjdY0CKGZdEuoNab3yDmX,https://open.spotify.com/track/5PjdY0CKGZdEuoNab3yDmX
134,ROCKSTAR (feat. Roddy Ricch),DaBaby,947455,,,,,,https://open.spotify.com/track/3Wrjm47oTz2sjIgck11l5e,https://open.spotify.com/track/3Wrjm47oTz2sjIgck11l5e,https://open.spotify.com/track/3Wrjm47oTz2sjIgck11l5e,https://open.spotify.com/track/3Wrjm47oTz2sjIgck11l5e,https://open.spotify.com/track/3Wrjm47oTz2sjIgck11l5e,https://open.spotify.com/track/3Wrjm47oTz2sjIgck11l5e
135,SAME ENERGY,The Kid LAROI,946862,,,,,,https://open.spotify.com/track/5PjdY0CKGZdEuoNab3yDmX,https://open.spotify.com/track/5PjdY0CKGZdEuoNab3yDmX,https://open.spotify.com/track/5PjdY0CKGZdEuoNab3yDmX,https://open.spotify.com/track/5PjdY0CKGZdEuoNab3yDmX,https://open.spotify.com/track/5PjdY0CKGZdEuoNab3yDmX,https://open.spotify.com/track/5PjdY0CKGZdEuoNab3yDmX
136,Demeanor (feat. Dua Lipa),Pop Smoke,937908,,,,,,https://open.spotify.com/track/3Wrjm47oTz2sjIgck11l5e,https://open.spotify.com/track/3Wrjm47oTz2sjIgck11l5e,https://open.spotify.com/track/3Wrjm47oTz2sjIgck11l5e,https://open.spotify.com/track/3Wrjm47oTz2sjIgck11l5e,https://open.spotify.com/track/3Wrjm47oTz2sjIgck11l5e,https://open.spotify.com/track/3Wrjm47oTz2sjIgck11l5e
137,Up,Cardi B,932090,,,,,,https://open.spotify.com/track/5PjdY0CKGZdEuoNab3yDmX,https://open.spotify.com/track/5PjdY0CKGZdEuoNab3yDmX,https://open.spotify.com/track/5PjdY0CKGZdEuoNab3yDmX,https://open.spotify.com/track/5PjdY0CKGZdEuoNab3yDmX,https://open.spotify.com/track/5PjdY0CKGZdEuoNab3yDmX,https://open.spotify.com/track/5PjdY0CKGZdEuoNab3yDmX
138,Ramenez la coupe à la maison,Vegedream,932079,,,,,,https://open.spotify.com/track/3Wrjm47oTz2sjIgck11l5e,https://open.spotify.com/track/3Wrjm47oTz2sjIgck11l5e,https://open.spotify.com/track/3Wrjm47oTz2sjIgck11l5e,https://open.spotify.com/track/3Wrjm47oTz2sjIgck11l5e,https://open.spotify.com/track/3Wrjm47oTz2sjIgck11l5e,https://open.spotify.com/track/3Wrjm47oTz2sjIgck11l5e
139,Riptide,Vance Joy,930907,,,,,,https://open.spotify.com/track/5PjdY0CKGZdEuoNab3yDmX,https://open.spotify.com/track/5PjdY0CKGZdEuoNab3yDmX,https://open.spotify.com/track/5PjdY0CKGZdEuoNab3yDmX,https://open.spotify.com/track/5PjdY0CKGZdEuoNab3yDmX,https://open.spotify.com/track/5PjdY0CKGZdEuoNab3yDmX,https://open.spotify.com/track/5PjdY0CKGZdEuoNab3yDmX
140,Smells Like Teen Spirit,Nirvana,930891,,,,,,https://open.spotify.com/track/3Wrjm47oTz2sjIgck11l5e,https://open.spotify.com/track/3Wrjm47oTz2sjIgck11l5e,https://open.spotify.com/track/3Wrjm47oTz2sjIgck11l5e,https://open.spotify.com/track/3Wrjm47oTz2sjIgck11l5e,https://open.spotify.com/track/3Wrjm47oTz2sjIgck11l5e,https://open.spotify.com/track/3Wrjm47oTz2sjIgck11l5e
141,The Nights,Avicii,928706,,,,,,https://open.spotify.com/track/5PjdY0CKGZdEuoNab3yDmX,https://open.spotify.com/track/5PjdY0CKGZdEuoNab3yDmX,https://open.spotify.com/track/5PjdY0CKGZdEuoNab3yDmX,https://open.spotify.com/track/5PjdY0CKGZdEuoNab3yDmX,https://open.spotify.com/track/5PjdY0CKGZdEuoNab3yDmX,https://open.spotify.com/track/5PjdY0CKGZdEuoNab3yDmX
142,Little Bit of Love,Tom Grennan,927103,,,,,,https://open.spotify.com/track/3Wrjm47oTz2sjIgck11l5e,https://open.spotify.com/track/3Wrjm47oTz2sjIgck11l5e,https://open.spotify.com/track/3Wrjm47oTz2sjIgck11l5e,https://open.spotify.com/track/3Wrjm47oTz2sjIgck11l5e,https://open.spotify.com/track/3Wrjm47oTz2sjIgck11l5e,https://open.spotify.com/track/3Wrjm47oTz2sjIgck11l5e
143,Baby Me Atende,Matheus Fernandes,926261,,,,,,https://open.spotify.com/track/5PjdY0CKGZdEuoNab3yDmX,https://open.spotify.com/track/5PjdY0CKGZdEuoNab3yDmX,https://open.spotify.com/track/5PjdY0CKGZdEuoNab3yDmX,https://open.spotify.com/track/5PjdY0CKGZdEuoNab3yDmX,https://open.spotify.com/track/5PjdY0CKGZdEuoNab3yDmX,https://open.spotify.com/track/5PjdY0CKGZdEuoNab3yDmX
144,Wasted Love (feat. Lagique),Ofenbach,923177,,,,,,https://open.spotify.com/track/3Wrjm47oTz2sjIgck11l5e,https://open.spotify.com/track/3Wrjm47oTz2sjIgck11l5e,https://open.spotify.com/track/3Wrjm47oTz2sjIgck11l5e,https://open.spotify.com/track/3Wrjm47oTz2sjIgck11l5e,https://open.spotify.com/track/3Wrjm47oTz2sjIgck11l5e,https://open.spotify.com/track/3Wrjm47oTz2sjIgck11l5e
145,Paradise (feat. Dermot Kennedy),MEDUZA,922866,,,,,,https://open.spotify.com/track/5PjdY0CKGZdEuoNab3yDmX,https://open.spotify.com/track/5PjdY0CKGZdEuoNab3yDmX,https://open.spotify.com/track/5PjdY0CKGZdEuoNab3yDmX,https://open.spotify.com/track/5PjdY0CKGZdEuoNab3yDmX,https://open.spotify.com/track/5PjdY0CKGZdEuoNab3yDmX,https://open.spotify.com/track/5PjdY0CKGZdEuoNab3yDmX
146,Tell The Vision (feat. Kanye West & Pusha T),Pop Smoke,922078,,,,,,https://open.spotify.com/track/3Wrjm47oTz2sjIgck11l5e,https://open.spotify.com/track/3Wrjm47oTz2sjIgck11l5e,https://open.spotify.com/track/3Wrjm47oTz2sjIgck11l5e,https://open.spotify.com/track/3Wrjm47oTz2sjIgck11l5e,https://open.spotify.com/track/3Wrjm47oTz2sjIgck11l5e,https://open.spotify.com/track/3Wrjm47oTz2sjIgck11l5e
147,enough for you,Olivia Rodrigo,921852,,,,,,https://open.spotify.com/track/5PjdY0CKGZdEuoNab3yDmX,https://open.spotify.com/track/5PjdY0CKGZdEuoNab3yDmX,https://open.spotify.com/track/5PjdY0CKGZdEuoNab3yDmX,https://open.spotify.com/track/5PjdY0CKGZdEuoNab3yDmX,https://open.spotify.com/track/5PjdY0CKGZdEuoNab3yDmX,https://open.spotify.com/track/5PjdY0CKGZdEuoNab3yDmX
148,you broke me first,Tate McRae,913313,,,,,,https://open.spotify.com/track/3Wrjm47oTz2sjIgck11l5e,https://open.spotify.com/track/3Wrjm47oTz2sjIgck11l5e,https://open.spotify.com/track/3Wrjm47oTz2sjIgck11l5e,https://open.spotify.com/track/3Wrjm47oTz2sjIgck11l5e,https://open.spotify.com/track/3Wrjm47oTz2sjIgck11l5e,https://open.spotify.com/track/3Wrjm47oTz2sjIgck11l5e
149,double take,dhruv,911659,,,,,,https://open.spotify.com/track/5PjdY0CKGZdEuoNab3yDmX,https://open.spotify.com/track/5PjdY0CKGZdEuoNab3yDmX,https://open.spotify.com/track/5PjdY0CKGZdEuoNab3yDmX,https://open.spotify.com/track/5PjdY0CKGZdEuoNab3yDmX,https://open.spotify.com/track/5PjdY0CKGZdEuoNab3yDmX,https://open.spotify.com/track/5PjdY0CKGZdEuoNab3yDmX
150,Bandido,Myke Towers,910283,,,,,,https://open.spotify.com/track/3Wrjm47oTz2sjIgck11l5e,https://open.spotify.com/track/3Wrjm47oTz2sjIgck11l5e,https://open.spotify.com/track/3Wrjm47oTz2sjIgck11l5e,https://open.spotify.com/track/3Wrjm47oTz2sjIgck11l5e,https://open.spotify.com/track/3Wrjm47oTz2sjIgck11l5e,https://open.spotify.com/track/3Wrjm47oTz2sjIgck11l5e
151,Se For Amor,João Gomes,906798,,,,,,https://open.spotify.com/track/5PjdY0CKGZdEuoNab3yDmX,https://open.spotify.com/track/5PjdY0CKGZdEuoNab3yDmX,https://open.spotify.com/track/5PjdY0CKGZdEuoNab3yDmX,https://open.spotify.com/track/5PjdY0CKGZdEuoNab3yDmX,https://open.spotify.com/track/5PjdY0CKGZdEuoNab3yDmX,https://open.spotify.com/track/5PjdY0CKGZdEuoNab3yDmX
152,Bout A Million (feat. 42 Dugg & 21 Savage),Pop Smoke,906757,,,,,,https://open.spotify.com/track/3Wrjm47oTz2sjIgck11l5e,https://open.spotify.com/track/3Wrjm47oTz2sjIgck11l5e,https://open.spotify.com/track/3Wrjm47oTz2sjIgck11l5e,https://open.spotify.com/track/3Wrjm47oTz2sjIgck11l5e,https://open.spotify.com/track/3Wrjm47oTz2sjIgck11l5e,https://open.spotify.com/track/3Wrjm47oTz2sjIgck11l5e
153,Memories,Maroon 5,903943,,,,,,https://open.spotify.com/track/5PjdY0CKGZdEuoNab3yDmX,https://open.spotify.com/track/5PjdY0CKGZdEuoNab3yDmX,https://open.spotify.com/track/5PjdY0CKGZdEuoNab3yDmX,https://open.spotify.com/track/5PjdY0CKGZdEuoNab3yDmX,https://open.spotify.com/track/5PjdY0CKGZdEuoNab3yDmX,https://open.spotify.com/track/5PjdY0CKGZdEuoNab3yDmX
154,Heather,Conan Gray,897172,,,,,,https://open.spotify.com/track/3Wrjm47oTz2sjIgck11l5e,https://open.spotify.com/track/3Wrjm47oTz2sjIgck11l5e,https://open.spotify.com/track/3Wrjm47oTz2sjIgck11l5e,https://open.spotify.com/track/3Wrjm47oTz2sjIgck11l5e,https://open.spotify.com/track/3Wrjm47oTz2sjIgck11l5e,https://open.spotify.com/track/3Wrjm47oTz2sjIgck11l5e
155,Miss The Rage (feat. Playboi Carti),Trippie Redd,890439,,,,,,https://open.spotify.com/track/5PjdY0CKGZdEuoNab3yDmX,https://open.spotify.com/track/5PjdY0CKGZdEuoNab3yDmX,https://open.spotify.com/track/5PjdY0CKGZdEuoNab3yDmX,https://open.spotify.com/track/5PjdY0CKGZdEuoNab3yDmX,https://open.spotify.com/track/5PjdY0CKGZdEuoNab3yDmX,https://open.spotify.com/track/5PjdY0CKGZdEuoNab3yDmX
156,Wild Side (feat. Cardi B),Normani,889305,,,,,,https://open.spotify.com/track/3Wrjm47oTz2sjIgck11l5e,https://open.spotify.com/track/3Wrjm47oTz2sjIgck11l5e,https://open.spotify.com/track/3Wrjm47oTz2sjIgck11l5e,https://open.spotify.com/track/3Wrjm47oTz2sjIgck11l5e,https://open.spotify.com/track/3Wrjm47oTz2sjIgck11l5e,https://open.spotify.com/track/3Wrjm47oTz2sjIgck11l5e
157,Bohemian Rhapsody - Remastered 2011,Queen,888561,,,,,,https://open.spotify.com/track/5PjdY0CKGZdEuoNab3yDmX,https://open.spotify.com/track/5PjdY0CKGZdEuoNab3yDmX,https://open.spotify.com/track/5PjdY0CKGZdEuoNab3yDmX,https://open.spotify.com/track/5PjdY0CKGZdEuoNab3yDmX,https://open.spotify.com/track/5PjdY0CKGZdEuoNab3yDmX,https://open.spotify.com/track/5PjdY0CKGZdEuoNab3yDmX
158,Hawái,Maluma,886693,,,,,,https://open.spotify.com/track/3Wrjm47oTz2sjIgck11l5e,https://open.spotify.com/track/3Wrjm47oTz2sjIgck11l5e,https://open.spotify.com/track/3Wrjm47oTz2sjIgck11l5e,https://open.spotify.com/track/3Wrjm47oTz2sjIgck11l5e,https://open.spotify.com/track/3Wrjm47oTz2sjIgck11l5e,https://open.spotify.com/track/3Wrjm47oTz2sjIgck11l5e
159,Daddy Issues,The Neighbourhood,886488,,,,,,https://open.spotify.com/track/5PjdY0CKGZdEuoNab3yDmX,https://open.spotify.com/track/5PjdY0CKGZdEuoNab3yDmX,https://open.spotify.com/track/5PjdY0CKGZdEuoNab3yDmX,https://open.spotify.com/track/5PjdY0CKGZdEuoNab3yDmX,https://open.spotify.com/track/5PjdY0CKGZdEuoNab3yDmX,https://open.spotify.com/track/5PjdY0CKGZdEuoNab3yDmX
160,Como Si No Importara,Emilia,880545,,,,,,https://open.spotify.com/track/3Wrjm47oTz2sjIgck11l5e,https://open.spotify.com/track/3Wrjm47oTz2sjIgck11l5e,https://open.spotify.com/track/3Wrjm47oTz2sjIgck11l5e,https://open.spotify.com/track/3Wrjm47oTz2sjIgck11l5e,https://open.spotify.com/track/3Wrjm47oTz2sjIgck11l5e,https://open.spotify.com/track/3Wrjm47oTz2sjIgck11l5e
161,Take Me To Church,Hozier,876462,,,,,,https://open.spotify.com/track/5PjdY0CKGZdEuoNab3yDmX,https://open.spotify.com/track/5PjdY0CKGZdEuoNab3yDmX,https://open.spotify.com/track/5PjdY0CKGZdEuoNab3yDmX,https://open.spotify.com/track/5PjdY0CKGZdEuoNab3yDmX,https://open.spotify.com/track/5PjdY0CKGZdEuoNab3yDmX,https://open.spotify.com/track/5PjdY0CKGZdEuoNab3yDmX
162,Woman,Doja Cat,871888,,,,,,https://open.spotify.com/track/3Wrjm47oTz2sjIgck11l5e,https://open.spotify.com/track/3Wrjm47oTz2sjIgck11l5e,https://open.spotify.com/track/3Wrjm47oTz2sjIgck11l5e,https://open.spotify.com/track/3Wrjm47oTz2sjIgck11l5e,https://open.spotify.com/track/3Wrjm47oTz2sjIgck11l5e,https://open.spotify.com/track/3Wrjm47oTz2sjIgck11l5e
163,Shallow,Lady Gaga,870667,,,,,,https://open.spotify.com/track/5PjdY0CKGZdEuoNab3yDmX,https://open.spotify.com/track/5PjdY0CKGZdEuoNab3yDmX,https://open.spotify.com/track/5PjdY0CKGZdEuoNab3yDmX,https://open.spotify.com/track/5PjdY0CKGZdEuoNab3yDmX,https://open.spotify.com/track/5PjdY0CKGZdEuoNab3yDmX,https://open.spotify.com/track/5PjdY0CKGZdEuoNab3yDmX
164,Wake Me Up,Avicii,869317,,,,,,https://open.spotify.com/track/3Wrjm47oTz2sjIgck11l5e,https://open.spotify.com/track/3Wrjm47oTz2sjIgck11l5e,https://open.spotify.com/track/3Wrjm47oTz2sjIgck11l5e,https://open.spotify.com/track/3Wrjm47oTz2sjIgck11l5e,https://open.spotify.com/track/3Wrjm47oTz2sjIgck11l5e,https://open.spotify.com/track/3Wrjm47oTz2sjIgck11l5e
165,Cover Me In Sunshine,P!nk,863413,,,,,,https://open.spotify.com/track/5PjdY0CKGZdEuoNab3yDmX,https://open.spotify.com/track/5PjdY0CKGZdEuoNab3yDmX,https://open.spotify.com/track/5PjdY0CKGZdEuoNab3yDmX,https://open.spotify.com/track/5PjdY0CKGZdEuoNab3yDmX,https://open.spotify.com/track/5PjdY0CKGZdEuoNab3yDmX,https://open.spotify.com/track/5PjdY0CKGZdEuoNab3yDmX
166,What You Know Bout Love,Pop Smoke,856033,,,,,,https://open.spotify.com/track/3Wrjm47oTz2sjIgck11l5e,https://open.spotify.com/track/3Wrjm47oTz2sjIgck11l5e,https://open.spotify.com/track/3Wrjm47oTz2sjIgck11l5e,https://open.spotify.com/track/3Wrjm47oTz2sjIgck11l5e,https://open.spotify.com/track/3Wrjm47oTz2sjIgck11l5e,https://open.spotify.com/track/3Wrjm47oTz2sjIgck11l5e
167,Another Love,Tom Odell,855280,,,,,,https://open.spotify.com/track/5PjdY0CKGZdEuoNab3yDmX,https://open.spotify.com/track/5PjdY0CKGZdEuoNab3yDmX,https://open.spotify.com/track/5PjdY0CKGZdEuoNab3yDmX,https://open.spotify.com/track/5PjdY0CKGZdEuoNab3yDmX,https://open.spotify.com/track/5PjdY0CKGZdEuoNab3yDmX,https://open.spotify.com/track/5PjdY0CKGZdEuoNab3yDmX
168,París,Ingratax,854723,,,,,,https://open.spotify.com/track/3Wrjm47oTz2sjIgck11l5e,https://open.spotify.com/track/3Wrjm47oTz2sjIgck11l5e,https://open.spotify.com/track/3Wrjm47oTz2sjIgck11l5e,https://open.spotify.com/track/3Wrjm47oTz2sjIgck11l5e,https://open.spotify.com/track/3Wrjm47oTz2sjIgck11l5e,https://open.spotify.com/track/3Wrjm47oTz2sjIgck11l5e
169,Counting Stars,OneRepublic,847340,,,,,,https://open.spotify.com/track/5PjdY0CKGZdEuoNab3yDmX,https://open.spotify.com/track/5PjdY0CKGZdEuoNab3yDmX,https://open.spotify.com/track/5PjdY0CKGZdEuoNab3yDmX,https://open.spotify.com/track/5PjdY0CKGZdEuoNab3yDmX,https://open.spotify.com/track/5PjdY0CKGZdEuoNab3yDmX,https://open.spotify.com/track/5PjdY0CKGZdEuoNab3yDmX
170,Tell Em,Cochise,844850,,,,,,https://open.spotify.com/track/3Wrjm47oTz2sjIgck11l5e,https://open.spotify.com/track/3Wrjm47oTz2sjIgck11l5e,https://open.spotify.com/track/3Wrjm47oTz2sjIgck11l5e,https://open.spotify.com/track/3Wrjm47oTz2sjIgck11l5e,https://open.spotify.com/track/3Wrjm47oTz2sjIgck11l5e,https://open.spotify.com/track/3Wrjm47oTz2sjIgck11l5e
171,goosebumps,Travis Scott,841416,,,,,,https://open.spotify.com/track/5PjdY0CKGZdEuoNab3yDmX,https://open.spotify.com/track/5PjdY0CKGZdEuoNab3yDmX,https://open.spotify.com/track/5PjdY0CKGZdEuoNab3yDmX,https://open.spotify.com/track/5PjdY0CKGZdEuoNab3yDmX,https://open.spotify.com/track/5PjdY0CKGZdEuoNab3yDmX,https://open.spotify.com/track/5PjdY0CKGZdEuoNab3yDmX
172,Mr. Brightside,The Killers,841413,,,,,,https://open.spotify.com/track/3Wrjm47oTz2sjIgck11l5e,https://open.spotify.com/track/3Wrjm47oTz2sjIgck11l5e,https://open.spotify.com/track/3Wrjm47oTz2sjIgck11l5e,https://open.spotify.com/track/3Wrjm47oTz2sjIgck11l5e,https://open.spotify.com/track/3Wrjm47oTz2sjIgck11l5e,https://open.spotify.com/track/3Wrjm47oTz2sjIgck11l5e
173,Dreams - 2004 Remaster,Fleetwood Mac,839869,,,,,,https://open.spotify.com/track/5PjdY0CKGZdEuoNab3yDmX,https://open.spotify.com/track/5PjdY0CKGZdEuoNab3yDmX,https://open.spotify.com/track/5PjdY0CKGZdEuoNab3yDmX,https://open.spotify.com/track/5PjdY0CKGZdEuoNab3yDmX,https://open.spotify.com/track/5PjdY0CKGZdEuoNab3yDmX,https://open.spotify.com/track/5PjdY0CKGZdEuoNab3yDmX
174,Yellow,Coldplay,839635,,,,,,https://open.spotify.com/track/3Wrjm47oTz2sjIgck11l5e,https://open.spotify.com/track/3Wrjm47oTz2sjIgck11l5e,https://open.spotify.com/track/3Wrjm47oTz2sjIgck11l5e,https://open.spotify.com/track/3Wrjm47oTz2sjIgck11l5e,https://open.spotify.com/track/3Wrjm47oTz2sjIgck11l5e,https://open.spotify.com/track/3Wrjm47oTz2sjIgck11l5e
175,For The Night (feat. Lil Baby & DaBaby),Pop Smoke,837368,,,,,,https://open.spotify.com/track/5PjdY0CKGZdEuoNab3yDmX,https://open.spotify.com/track/5PjdY0CKGZdEuoNab3yDmX,https://open.spotify.com/track/5PjdY0CKGZdEuoNab3yDmX,https://open.spotify.com/track/5PjdY0CKGZdEuoNab3yDmX,https://open.spotify.com/track/5PjdY0CKGZdEuoNab3yDmX,https://open.spotify.com/track/5PjdY0CKGZdEuoNab3yDmX
176,Here's Your Perfect,Jamie Miller,836681,,,,,,https://open.spotify.com/track/3Wrjm47oTz2sjIgck11l5e,https://open.spotify.com/track/3Wrjm47oTz2sjIgck11l5e,https://open.spotify.com/track/3Wrjm47oTz2sjIgck11l5e,https://open.spotify.com/track/3Wrjm47oTz2sjIgck11l5e,https://open.spotify.com/track/3Wrjm47oTz2sjIgck11l5e,https://open.spotify.com/track/3Wrjm47oTz2sjIgck11l5e
177,Runaway,AURORA,835975,,,,,,https://open.spotify.com/track/5PjdY0CKGZdEuoNab3yDmX,https://open.spotify.com/track/5PjdY0CKGZdEuoNab3yDmX,https://open.spotify.com/track/5PjdY0CKGZdEuoNab3yDmX,https://open.spotify.com/track/5PjdY0CKGZdEuoNab3yDmX,https://open.spotify.com/track/5PjdY0CKGZdEuoNab3yDmX,https://open.spotify.com/track/5PjdY0CKGZdEuoNab3yDmX
178,Every Breath You Take,The Police,833334,,,,,,https://open.spotify.com/track/3Wrjm47oTz2sjIgck11l5e,https://open.spotify.com/track/3Wrjm47oTz2sjIgck11l5e,https://open.spotify.com/track/3Wrjm47oTz2sjIgck11l5e,https://open.spotify.com/track/3Wrjm47oTz2sjIgck11l5e,https://open.spotify.com/track/3Wrjm47oTz2sjIgck11l5e,https://open.spotify.com/track/3Wrjm47oTz2sjIgck11l5e
179,Calling My Phone,Lil Tjay,831025,,,,,,https://open.spotify.com/track/5PjdY0CKGZdEuoNab3yDmX,https://open.spotify.com/track/5PjdY0CKGZdEuoNab3yDmX,https://open.spotify.com/track/5PjdY0CKGZdEuoNab3yDmX,https://open.spotify.com/track/5PjdY0CKGZdEuoNab3yDmX,https://open.spotify.com/track/5PjdY0CKGZdEuoNab3yDmX,https://open.spotify.com/track/5PjdY0CKGZdEuoNab3yDmX
180,"1 step forward, 3 steps back",Olivia Rodrigo,830859,,,,,,https://open.spotify.com/track/3Wrjm47oTz2sjIgck11l5e,https://open.spotify.com/track/3Wrjm47oTz2sjIgck11l5e,https://open.spotify.com/track/3Wrjm47oTz2sjIgck11l5e,https://open.spotify.com/track/3Wrjm47oTz2sjIgck11l5e,https://open.spotify.com/track/3Wrjm47oTz2sjIgck11l5e,https://open.spotify.com/track/3Wrjm47oTz2sjIgck11l5e
181,bad guy,Billie Eilish,830832,,,,,,https://open.spotify.com/track/5PjdY0CKGZdEuoNab3yDmX,https://open.spotify.com/track/5PjdY0CKGZdEuoNab3yDmX,https://open.spotify.com/track/5PjdY0CKGZdEuoNab3yDmX,https://open.spotify.com/track/5PjdY0CKGZdEuoNab3yDmX,https://open.spotify.com/track/5PjdY0CKGZdEuoNab3yDmX,https://open.spotify.com/track/5PjdY0CKGZdEuoNab3yDmX
182,Our Song,Anne-Marie,829959,,,,,,https://open.spotify.com/track/3Wrjm47oTz2sjIgck11l5e,https://open.spotify.com/track/3Wrjm47oTz2sjIgck11l5e,https://open.spotify.com/track/3Wrjm47oTz2sjIgck11l5e,https://open.spotify.com/track/3Wrjm47oTz2sjIgck11l5e,https://open.spotify.com/track/3Wrjm47oTz2sjIgck11l5e,https://open.spotify.com/track/3Wrjm47oTz2sjIgck11l5e
183,WAP (feat. Megan Thee Stallion),Cardi B,829408,,,,,,https://open.spotify.com/track/5PjdY0CKGZdEuoNab3yDmX,https://open.spotify.com/track/5PjdY0CKGZdEuoNab3yDmX,https://open.spotify.com/track/5PjdY0CKGZdEuoNab3yDmX,https://open.spotify.com/track/5PjdY0CKGZdEuoNab3yDmX,https://open.spotify.com/track/5PjdY0CKGZdEuoNab3yDmX,https://open.spotify.com/track/5PjdY0CKGZdEuoNab3yDmX
184,34+35,Ariana Grande,826750,,,,,,https://open.spotify.com/track/3Wrjm47oTz2sjIgck11l5e,https://open.spotify.com/track/3Wrjm47oTz2sjIgck11l5e,https://open.spotify.com/track/3Wrjm47oTz2sjIgck11l5e,https://open.spotify.com/track/3Wrjm47oTz2sjIgck11l5e,https://open.spotify.com/track/3Wrjm47oTz2sjIgck11l5e,https://open.spotify.com/track/3Wrjm47oTz2sjIgck11l5e
185,Red Light Green Light,DaBaby,826576,,,,,,https://open.spotify.com/track/5PjdY0CKGZdEuoNab3yDmX,https://open.spotify.com/track/5PjdY0CKGZdEuoNab3yDmX,https://open.spotify.com/track/5PjdY0CKGZdEuoNab3yDmX,https://open.spotify.com/track/5PjdY0CKGZdEuoNab3yDmX,https://open.spotify.com/track/5PjdY0CKGZdEuoNab3yDmX,https://open.spotify.com/track/5PjdY0CKGZdEuoNab3yDmX
186,Woo Baby (feat. Chris Brown),Pop Smoke,823552,,,,,,https://open.spotify.com/track/3Wrjm47oTz2sjIgck11l5e,https://open.spotify.com/track/3Wrjm47oTz2sjIgck11l5e,https://open.spotify.com/track/3Wrjm47oTz2sjIgck11l5e,https://open.spotify.com/track/3Wrjm47oTz2sjIgck11l5e,https://open.spotify.com/track/3Wrjm47oTz2sjIgck11l5e,https://open.spotify.com/track/3Wrjm47oTz2sjIgck11l5e
187,De Museo,Bad Bunny,820547,,,,,,https://open.spotify.com/track/5PjdY0CKGZdEuoNab3yDmX,https://open.spotify.com/track/5PjdY0CKGZdEuoNab3yDmX,https://open.spotify.com/track/5PjdY0CKGZdEuoNab3yDmX,https://open.spotify.com/track/5PjdY0CKGZdEuoNab3yDmX,https://open.spotify.com/track/5PjdY0CKGZdEuoNab3yDmX,https://open.spotify.com/track/5PjdY0CKGZdEuoNab3yDmX
188,Não Nasceu pra Namorar,MC Zaquin,818716,,,,,,https://open.spotify.com/track/3Wrjm47oTz2sjIgck11l5e,https://open.spotify.com/track/3Wrjm47oTz2sjIgck11l5e,https://open.spotify.com/track/3Wrjm47oTz2sjIgck11l5e,https://open.spotify.com/track/3Wrjm47oTz2sjIgck11l5e,https://open.spotify.com/track/3Wrjm47oTz2sjIgck11l5e,https://open.spotify.com/track/3Wrjm47oTz2sjIgck11l5e
189,Ball If I Want To,DaBaby,814645,,,,,,https://open.spotify.com/track/5PjdY0CKGZdEuoNab3yDmX,https://open.spotify.com/track/5PjdY0CKGZdEuoNab3yDmX,https://open.spotify.com/track/5PjdY0CKGZdEuoNab3yDmX,https://open.spotify.com/track/5PjdY0CKGZdEuoNab3yDmX,https://open.spotify.com/track/5PjdY0CKGZdEuoNab3yDmX,https://open.spotify.com/track/5PjdY0CKGZdEuoNab3yDmX
190,Lucid Dreams,Juice WRLD,813960,,,,,,https://open.spotify.com/track/3Wrjm47oTz2sjIgck11l5e,https://open.spotify.com/track/3Wrjm47oTz2sjIgck11l5e,https://open.spotify.com/track/3Wrjm47oTz2sjIgck11l5e,https://open.spotify.com/track/3Wrjm47oTz2sjIgck11l5e,https://open.spotify.com/track/3Wrjm47oTz2sjIgck11l5e,https://open.spotify.com/track/3Wrjm47oTz2sjIgck11l5e
191,Say You Won't Let Go,James Arthur,802702,,,,,,https://open.spotify.com/track/5PjdY0CKGZdEuoNab3yDmX,https://open.spotify.com/track/5PjdY0CKGZdEuoNab3yDmX,https://open.spotify.com/track/5PjdY0CKGZdEuoNab3yDmX,https://open.spotify.com/track/5PjdY0CKGZdEuoNab3yDmX,https://open.spotify.com/track/5PjdY0CKGZdEuoNab3yDmX,https://open.spotify.com/track/5PjdY0CKGZdEuoNab3yDmX
192,Sommergewitter,Pashanim,800990,,,,,,https://open.spotify.com/track/3Wrjm47oTz2sjIgck11l5e,https://open.spotify.com/track/3Wrjm47oTz2sjIgck11l5e,https://open.spotify.com/track/3Wrjm47oTz2sjIgck11l5e,https://open.spotify.com/track/3Wrjm47oTz2sjIgck11l5e,https://open.spotify.com/track/3Wrjm47oTz2sjIgck11l5e,https://open.spotify.com/track/3Wrjm47oTz2sjIgck11l5e
193,Another One Bites The Dust - Remastered 2011,Queen,796146,,,,,,https://open.spotify.com/track/5PjdY0CKGZdEuoNab3yDmX,https://open.spotify.com/track/5PjdY0CKGZdEuoNab3yDmX,https://open.spotify.com/track/5PjdY0CKGZdEuoNab3yDmX,https://open.spotify.com/track/5PjdY0CKGZdEuoNab3yDmX,https://open.spotify.com/track/5PjdY0CKGZdEuoNab3yDmX,https://open.spotify.com/track/5PjdY0CKGZdEuoNab3yDmX
194,Best Friend (feat. Doja Cat),Saweetie,791201,,,,,,https://open.spotify.com/track/3Wrjm47oTz2sjIgck11l5e,https://open.spotify.com/track/3Wrjm47oTz2sjIgck11l5e,https://open.spotify.com/track/3Wrjm47oTz2sjIgck11l5e,https://open.spotify.com/track/3Wrjm47oTz2sjIgck11l5e,https://open.spotify.com/track/3Wrjm47oTz2sjIgck11l5e,https://open.spotify.com/track/3Wrjm47oTz2sjIgck11l5e
195,Dior,Pop Smoke,791010,,,,,,https://open.spotify.com/track/5PjdY0CKGZdEuoNab3yDmX,https://open.spotify.com/track/5PjdY0CKGZdEuoNab3yDmX,https://open.spotify.com/track/5PjdY0CKGZdEuoNab3yDmX,https://open.spotify.com/track/5PjdY0CKGZdEuoNab3yDmX,https://open.spotify.com/track/5PjdY0CKGZdEuoNab3yDmX,https://open.spotify.com/track/5PjdY0CKGZdEuoNab3yDmX
196,Breaking Me,Topic,790910,,,,,,https://open.spotify.com/track/3Wrjm47oTz2sjIgck11l5e,https://open.spotify.com/track/3Wrjm47oTz2sjIgck11l5e,https://open.spotify.com/track/3Wrjm47oTz2sjIgck11l5e,https://open.spotify.com/track/3Wrjm47oTz2sjIgck11l5e,https://open.spotify.com/track/3Wrjm47oTz2sjIgck11l5e,https://open.spotify.com/track/3Wrjm47oTz2sjIgck11l5e
197,Ride It,Regard,787704,,,,,,https://open.spotify.com/track/5PjdY0CKGZdEuoNab3yDmX,https://open.spotify.com/track/5PjdY0CKGZdEuoNab3yDmX,https://open.spotify.com/track/5PjdY0CKGZdEuoNab3yDmX,https://open.spotify.com/track/5PjdY0CKGZdEuoNab3yDmX,https://open.spotify.com/track/5PjdY0CKGZdEuoNab3yDmX,https://open.spotify.com/track/5PjdY0CKGZdEuoNab3yDmX
198,Adore You,Harry Styles,787237,,,,,,https://open.spotify.com/track/3Wrjm47oTz2sjIgck11l5e,https://open.spotify.com/track/3Wrjm47oTz2sjIgck11l5e,https://open.spotify.com/track/3Wrjm47oTz2sjIgck11l5e,https://open.spotify.com/track/3Wrjm47oTz2sjIgck11l5e,https://open.spotify.com/track/3Wrjm47oTz2sjIgck11l5e,https://open.spotify.com/track/3Wrjm47oTz2sjIgck11l5e
199,One Dance,Drake,786424,,,,,,https://open.spotify.com/track/5PjdY0CKGZdEuoNab3yDmX,https://open.spotify.com/track/5PjdY0CKGZdEuoNab3yDmX,https://open.spotify.com/track/5PjdY0CKGZdEuoNab3yDmX,https://open.spotify.com/track/5PjdY0CKGZdEuoNab3yDmX,https://open.spotify.com/track/5PjdY0CKGZdEuoNab3yDmX,https://open.spotify.com/track/5PjdY0CKGZdEuoNab3yDmX
200,"Body (Remix) [feat. ArrDee, E1 (3x3), ZT (3x3), Bugzy Malone, Buni, Fivio Foreign & Darkoo]",Tion Wayne,777599,,,,,,,,,,,
